dataset,arm,footing,backbone,h,seed,L,mse,threads,wall_s
gefcom_wind,raw,global,linmix,24,0,192,0.248015,8,0.7
gefcom_wind,raw,global,linmix,24,1,192,0.243157,8,0.1
gefcom_wind,raw,global,linmix,24,2,192,0.243634,8,0.1
gefcom_wind,raw,global,linmix,24,3,192,0.252647,8,0.1
gefcom_wind,raw,global,linmix,24,4,192,0.251789,8,0.1
gefcom_wind,revin,global,linmix,24,0,192,0.320041,8,0.2
gefcom_wind,revin,global,linmix,24,1,192,0.324931,8,0.2
gefcom_wind,revin,global,linmix,24,2,192,0.320585,8,0.2
gefcom_wind,revin,global,linmix,24,3,192,0.312325,8,0.2
gefcom_wind,revin,global,linmix,24,4,192,0.323076,8,0.2
gefcom_wind,raw,window,linmix,24,0,192,0.288372,8,0.2
gefcom_wind,raw,window,linmix,24,1,192,0.282567,8,0.2
gefcom_wind,raw,window,linmix,24,2,192,0.296829,8,0.2
gefcom_wind,raw,window,linmix,24,3,192,0.291643,8,0.1
gefcom_wind,raw,window,linmix,24,4,192,0.275882,8,0.2
gefcom_wind,revin,window,linmix,24,0,192,0.230209,8,0.3
gefcom_wind,revin,window,linmix,24,1,192,0.227274,8,0.4
gefcom_wind,revin,window,linmix,24,2,192,0.220277,8,0.4
gefcom_wind,revin,window,linmix,24,3,192,0.225543,8,0.3
gefcom_wind,revin,window,linmix,24,4,192,0.241035,8,0.2
gefcom_wind,raw,window_floor,linmix,24,0,192,0.288372,8,0.2
gefcom_wind,raw,window_floor,linmix,24,1,192,0.282567,8,0.2
gefcom_wind,raw,window_floor,linmix,24,2,192,0.296829,8,0.2
gefcom_wind,raw,window_floor,linmix,24,3,192,0.291643,8,0.1
gefcom_wind,raw,window_floor,linmix,24,4,192,0.275882,8,0.2
gefcom_wind,revin,window_floor,linmix,24,0,192,0.230209,8,0.3
gefcom_wind,revin,window_floor,linmix,24,1,192,0.227274,8,0.4
gefcom_wind,revin,window_floor,linmix,24,2,192,0.220277,8,0.4
gefcom_wind,revin,window_floor,linmix,24,3,192,0.225543,8,0.3
gefcom_wind,revin,window_floor,linmix,24,4,192,0.241035,8,0.2
gefcom_wind,raw,scale,linmix,24,0,192,0.257314,8,0.2
gefcom_wind,raw,scale,linmix,24,1,192,0.275452,8,0.2
gefcom_wind,raw,scale,linmix,24,2,192,0.286092,8,0.2
gefcom_wind,raw,scale,linmix,24,3,192,0.270816,8,0.1
gefcom_wind,raw,scale,linmix,24,4,192,0.266921,8,0.2
gefcom_wind,revin,scale,linmix,24,0,192,0.247001,8,0.3
gefcom_wind,revin,scale,linmix,24,1,192,0.254386,8,0.3
gefcom_wind,revin,scale,linmix,24,2,192,0.249606,8,0.4
gefcom_wind,revin,scale,linmix,24,3,192,0.234685,8,0.3
gefcom_wind,revin,scale,linmix,24,4,192,0.250088,8,0.2
gefcom_wind,raw,global,linmix,96,0,336,0.248843,8,0.3
gefcom_wind,raw,global,linmix,96,1,336,0.264771,8,0.2
gefcom_wind,raw,global,linmix,96,2,336,0.25467,8,0.3
gefcom_wind,raw,global,linmix,96,3,336,0.237099,8,0.1
gefcom_wind,raw,global,linmix,96,4,336,0.246099,8,0.1
gefcom_wind,revin,global,linmix,96,0,336,0.302357,8,0.5
gefcom_wind,revin,global,linmix,96,1,336,0.302456,8,0.4
gefcom_wind,revin,global,linmix,96,2,336,0.302791,8,0.7
gefcom_wind,revin,global,linmix,96,3,336,0.324945,8,0.3
gefcom_wind,revin,global,linmix,96,4,336,0.302244,8,0.3
gefcom_wind,raw,window,linmix,96,0,336,0.359279,8,0.3
gefcom_wind,raw,window,linmix,96,1,336,0.353548,8,0.2
gefcom_wind,raw,window,linmix,96,2,336,0.350142,8,0.3
gefcom_wind,raw,window,linmix,96,3,336,0.337431,8,0.2
gefcom_wind,raw,window,linmix,96,4,336,0.356095,8,0.2
gefcom_wind,revin,window,linmix,96,0,336,0.254405,8,0.4
gefcom_wind,revin,window,linmix,96,1,336,0.249404,8,0.3
gefcom_wind,revin,window,linmix,96,2,336,0.2506,8,0.3
gefcom_wind,revin,window,linmix,96,3,336,0.253227,8,0.6
gefcom_wind,revin,window,linmix,96,4,336,0.246863,8,0.3
gefcom_wind,raw,window_floor,linmix,96,0,336,0.359279,8,0.2
gefcom_wind,raw,window_floor,linmix,96,1,336,0.353548,8,0.2
gefcom_wind,raw,window_floor,linmix,96,2,336,0.350142,8,0.3
gefcom_wind,raw,window_floor,linmix,96,3,336,0.337431,8,0.2
gefcom_wind,raw,window_floor,linmix,96,4,336,0.356095,8,0.2
gefcom_wind,revin,window_floor,linmix,96,0,336,0.254405,8,0.5
gefcom_wind,revin,window_floor,linmix,96,1,336,0.249404,8,0.4
gefcom_wind,revin,window_floor,linmix,96,2,336,0.2506,8,0.4
gefcom_wind,revin,window_floor,linmix,96,3,336,0.253227,8,0.8
gefcom_wind,revin,window_floor,linmix,96,4,336,0.246863,8,0.3
gefcom_wind,raw,scale,linmix,96,0,336,0.29238,8,0.2
gefcom_wind,raw,scale,linmix,96,1,336,0.297954,8,0.2
gefcom_wind,raw,scale,linmix,96,2,336,0.303592,8,0.3
gefcom_wind,raw,scale,linmix,96,3,336,0.264772,8,0.2
gefcom_wind,raw,scale,linmix,96,4,336,0.276514,8,0.2
gefcom_wind,revin,scale,linmix,96,0,336,0.269497,8,0.5
gefcom_wind,revin,scale,linmix,96,1,336,0.250917,8,0.5
gefcom_wind,revin,scale,linmix,96,2,336,0.245099,8,0.3
gefcom_wind,revin,scale,linmix,96,3,336,0.259932,8,0.4
gefcom_wind,revin,scale,linmix,96,4,336,0.245946,8,0.3
gefcom_wind,raw,global,linmix,336,0,336,0.384811,8,0.4
gefcom_wind,raw,global,linmix,336,1,336,0.386918,8,0.4
gefcom_wind,raw,global,linmix,336,2,336,0.332647,8,0.4
gefcom_wind,raw,global,linmix,336,3,336,0.412157,8,0.5
gefcom_wind,raw,global,linmix,336,4,336,0.387808,8,0.3
gefcom_wind,revin,global,linmix,336,0,336,0.446588,8,1.2
gefcom_wind,revin,global,linmix,336,1,336,0.423559,8,0.7
gefcom_wind,revin,global,linmix,336,2,336,0.386436,8,0.5
gefcom_wind,revin,global,linmix,336,3,336,0.403894,8,0.7
gefcom_wind,revin,global,linmix,336,4,336,0.43223,8,0.5
gefcom_wind,raw,window,linmix,336,0,336,0.434773,8,0.5
gefcom_wind,raw,window,linmix,336,1,336,0.41693,8,0.5
gefcom_wind,raw,window,linmix,336,2,336,0.474781,8,0.3
gefcom_wind,raw,window,linmix,336,3,336,0.430685,8,0.3
gefcom_wind,raw,window,linmix,336,4,336,0.448492,8,0.3
gefcom_wind,revin,window,linmix,336,0,336,0.389008,8,1.1
gefcom_wind,revin,window,linmix,336,1,336,0.372374,8,1.1
gefcom_wind,revin,window,linmix,336,2,336,0.358887,8,0.6
gefcom_wind,revin,window,linmix,336,3,336,0.35361,8,0.8
gefcom_wind,revin,window,linmix,336,4,336,0.347039,8,0.6
gefcom_wind,raw,window_floor,linmix,336,0,336,0.434773,8,0.4
gefcom_wind,raw,window_floor,linmix,336,1,336,0.41693,8,0.4
gefcom_wind,raw,window_floor,linmix,336,2,336,0.474781,8,0.3
gefcom_wind,raw,window_floor,linmix,336,3,336,0.430685,8,0.4
gefcom_wind,raw,window_floor,linmix,336,4,336,0.448492,8,0.3
gefcom_wind,revin,window_floor,linmix,336,0,336,0.389008,8,1.1
gefcom_wind,revin,window_floor,linmix,336,1,336,0.372374,8,1.0
gefcom_wind,revin,window_floor,linmix,336,2,336,0.358887,8,0.7
gefcom_wind,revin,window_floor,linmix,336,3,336,0.35361,8,0.8
gefcom_wind,revin,window_floor,linmix,336,4,336,0.347039,8,0.4
gefcom_wind,raw,scale,linmix,336,0,336,0.37563,8,0.3
gefcom_wind,raw,scale,linmix,336,1,336,0.389575,8,0.4
gefcom_wind,raw,scale,linmix,336,2,336,0.346146,8,0.3
gefcom_wind,raw,scale,linmix,336,3,336,0.397139,8,0.5
gefcom_wind,raw,scale,linmix,336,4,336,0.3623,8,0.4
gefcom_wind,revin,scale,linmix,336,0,336,0.404382,8,1.5
gefcom_wind,revin,scale,linmix,336,1,336,0.349192,8,1.0
gefcom_wind,revin,scale,linmix,336,2,336,0.370632,8,0.4
gefcom_wind,revin,scale,linmix,336,3,336,0.377352,8,0.7
gefcom_wind,revin,scale,linmix,336,4,336,0.40134,8,0.4
gefcom_wind,raw,global,mlpmix,24,0,192,0.241522,8,0.6
gefcom_wind,raw,global,mlpmix,24,1,192,0.243518,8,0.4
gefcom_wind,raw,global,mlpmix,24,2,192,0.240036,8,0.4
gefcom_wind,raw,global,mlpmix,24,3,192,0.232417,8,0.6
gefcom_wind,raw,global,mlpmix,24,4,192,0.233975,8,0.4
gefcom_wind,revin,global,mlpmix,24,0,192,0.262176,8,0.8
gefcom_wind,revin,global,mlpmix,24,1,192,0.272226,8,0.5
gefcom_wind,revin,global,mlpmix,24,2,192,0.263203,8,0.4
gefcom_wind,revin,global,mlpmix,24,3,192,0.257606,8,0.4
gefcom_wind,revin,global,mlpmix,24,4,192,0.264403,8,0.5
gefcom_wind,raw,window,mlpmix,24,0,192,0.26241,8,0.7
gefcom_wind,raw,window,mlpmix,24,1,192,0.261111,8,0.9
gefcom_wind,raw,window,mlpmix,24,2,192,0.270539,8,0.3
gefcom_wind,raw,window,mlpmix,24,3,192,0.260327,8,0.8
gefcom_wind,raw,window,mlpmix,24,4,192,0.26555,8,0.5
gefcom_wind,revin,window,mlpmix,24,0,192,0.212629,8,0.7
gefcom_wind,revin,window,mlpmix,24,1,192,0.220617,8,0.6
gefcom_wind,revin,window,mlpmix,24,2,192,0.222238,8,0.5
gefcom_wind,revin,window,mlpmix,24,3,192,0.222313,8,0.4
gefcom_wind,revin,window,mlpmix,24,4,192,0.221915,8,0.7
gefcom_wind,raw,window_floor,mlpmix,24,0,192,0.26241,8,0.7
gefcom_wind,raw,window_floor,mlpmix,24,1,192,0.261111,8,0.8
gefcom_wind,raw,window_floor,mlpmix,24,2,192,0.270539,8,0.4
gefcom_wind,raw,window_floor,mlpmix,24,3,192,0.260327,8,0.9
gefcom_wind,raw,window_floor,mlpmix,24,4,192,0.26555,8,0.4
gefcom_wind,revin,window_floor,mlpmix,24,0,192,0.212629,8,0.7
gefcom_wind,revin,window_floor,mlpmix,24,1,192,0.220617,8,0.6
gefcom_wind,revin,window_floor,mlpmix,24,2,192,0.222238,8,0.7
gefcom_wind,revin,window_floor,mlpmix,24,3,192,0.222313,8,0.4
gefcom_wind,revin,window_floor,mlpmix,24,4,192,0.221915,8,0.7
gefcom_wind,raw,scale,mlpmix,24,0,192,0.314365,8,0.7
gefcom_wind,raw,scale,mlpmix,24,1,192,0.334918,8,0.5
gefcom_wind,raw,scale,mlpmix,24,2,192,0.330557,8,0.4
gefcom_wind,raw,scale,mlpmix,24,3,192,0.318474,8,0.5
gefcom_wind,raw,scale,mlpmix,24,4,192,0.318909,8,0.5
gefcom_wind,revin,scale,mlpmix,24,0,192,0.251334,8,0.6
gefcom_wind,revin,scale,mlpmix,24,1,192,0.253338,8,0.5
gefcom_wind,revin,scale,mlpmix,24,2,192,0.240966,8,0.9
gefcom_wind,revin,scale,mlpmix,24,3,192,0.240952,8,0.8
gefcom_wind,revin,scale,mlpmix,24,4,192,0.253581,8,1.0
gefcom_wind,raw,global,mlpmix,96,0,336,0.236688,8,0.4
gefcom_wind,raw,global,mlpmix,96,1,336,0.222429,8,0.4
gefcom_wind,raw,global,mlpmix,96,2,336,0.236714,8,0.6
gefcom_wind,raw,global,mlpmix,96,3,336,0.240223,8,0.7
gefcom_wind,raw,global,mlpmix,96,4,336,0.247585,8,0.6
gefcom_wind,revin,global,mlpmix,96,0,336,0.2729,8,0.6
gefcom_wind,revin,global,mlpmix,96,1,336,0.252957,8,0.6
gefcom_wind,revin,global,mlpmix,96,2,336,0.26696,8,0.4
gefcom_wind,revin,global,mlpmix,96,3,336,0.257827,8,0.9
gefcom_wind,revin,global,mlpmix,96,4,336,0.264687,8,0.9
gefcom_wind,raw,window,mlpmix,96,0,336,0.285479,8,0.5
gefcom_wind,raw,window,mlpmix,96,1,336,0.294444,8,0.5
gefcom_wind,raw,window,mlpmix,96,2,336,0.285604,8,0.4
gefcom_wind,raw,window,mlpmix,96,3,336,0.297378,8,0.6
gefcom_wind,raw,window,mlpmix,96,4,336,0.302382,8,0.7
gefcom_wind,revin,window,mlpmix,96,0,336,0.245492,8,0.9
gefcom_wind,revin,window,mlpmix,96,1,336,0.238398,8,0.7
gefcom_wind,revin,window,mlpmix,96,2,336,0.2501,8,0.9
gefcom_wind,revin,window,mlpmix,96,3,336,0.245102,8,0.6
gefcom_wind,revin,window,mlpmix,96,4,336,0.246082,8,1.0
gefcom_wind,raw,window_floor,mlpmix,96,0,336,0.285479,8,0.7
gefcom_wind,raw,window_floor,mlpmix,96,1,336,0.294444,8,0.8
gefcom_wind,raw,window_floor,mlpmix,96,2,336,0.285604,8,0.6
gefcom_wind,raw,window_floor,mlpmix,96,3,336,0.297378,8,0.7
gefcom_wind,raw,window_floor,mlpmix,96,4,336,0.302382,8,0.7
gefcom_wind,revin,window_floor,mlpmix,96,0,336,0.245492,8,0.9
gefcom_wind,revin,window_floor,mlpmix,96,1,336,0.238398,8,0.6
gefcom_wind,revin,window_floor,mlpmix,96,2,336,0.2501,8,0.9
gefcom_wind,revin,window_floor,mlpmix,96,3,336,0.245102,8,0.7
gefcom_wind,revin,window_floor,mlpmix,96,4,336,0.246082,8,1.1
gefcom_wind,raw,scale,mlpmix,96,0,336,0.249464,8,0.4
gefcom_wind,raw,scale,mlpmix,96,1,336,0.2601,8,0.5
gefcom_wind,raw,scale,mlpmix,96,2,336,0.250658,8,0.5
gefcom_wind,raw,scale,mlpmix,96,3,336,0.256255,8,0.7
gefcom_wind,raw,scale,mlpmix,96,4,336,0.260647,8,0.5
gefcom_wind,revin,scale,mlpmix,96,0,336,0.242189,8,0.7
gefcom_wind,revin,scale,mlpmix,96,1,336,0.222348,8,0.6
gefcom_wind,revin,scale,mlpmix,96,2,336,0.23794,8,1.0
gefcom_wind,revin,scale,mlpmix,96,3,336,0.231048,8,1.0
gefcom_wind,revin,scale,mlpmix,96,4,336,0.231698,8,0.9
gefcom_wind,raw,global,mlpmix,336,0,192,0.290857,8,0.6
gefcom_wind,raw,global,mlpmix,336,1,192,0.292229,8,0.7
gefcom_wind,raw,global,mlpmix,336,2,192,0.299726,8,1.0
gefcom_wind,raw,global,mlpmix,336,3,192,0.301076,8,1.0
gefcom_wind,raw,global,mlpmix,336,4,192,0.285965,8,0.7
gefcom_wind,revin,global,mlpmix,336,0,192,0.408458,8,1.3
gefcom_wind,revin,global,mlpmix,336,1,192,0.392602,8,1.4
gefcom_wind,revin,global,mlpmix,336,2,192,0.390758,8,1.3
gefcom_wind,revin,global,mlpmix,336,3,192,0.381309,8,1.3
gefcom_wind,revin,global,mlpmix,336,4,192,0.382996,8,1.5
gefcom_wind,raw,window,mlpmix,336,0,192,0.375873,8,0.5
gefcom_wind,raw,window,mlpmix,336,1,192,0.369851,8,0.9
gefcom_wind,raw,window,mlpmix,336,2,192,0.382171,8,0.6
gefcom_wind,raw,window,mlpmix,336,3,192,0.370819,8,1.0
gefcom_wind,raw,window,mlpmix,336,4,192,0.377154,8,1.0
gefcom_wind,revin,window,mlpmix,336,0,192,0.321375,8,1.2
gefcom_wind,revin,window,mlpmix,336,1,192,0.324681,8,0.9
gefcom_wind,revin,window,mlpmix,336,2,192,0.327475,8,1.8
gefcom_wind,revin,window,mlpmix,336,3,192,0.331104,8,1.5
gefcom_wind,revin,window,mlpmix,336,4,192,0.31666,8,1.2
gefcom_wind,raw,window_floor,mlpmix,336,0,192,0.375873,8,0.6
gefcom_wind,raw,window_floor,mlpmix,336,1,192,0.369851,8,1.0
gefcom_wind,raw,window_floor,mlpmix,336,2,192,0.382171,8,0.5
gefcom_wind,raw,window_floor,mlpmix,336,3,192,0.370819,8,0.8
gefcom_wind,raw,window_floor,mlpmix,336,4,192,0.377154,8,0.9
gefcom_wind,revin,window_floor,mlpmix,336,0,192,0.321375,8,1.1
gefcom_wind,revin,window_floor,mlpmix,336,1,192,0.324681,8,1.0
gefcom_wind,revin,window_floor,mlpmix,336,2,192,0.327475,8,1.3
gefcom_wind,revin,window_floor,mlpmix,336,3,192,0.331104,8,1.3
gefcom_wind,revin,window_floor,mlpmix,336,4,192,0.31666,8,1.0
gefcom_wind,raw,scale,mlpmix,336,0,192,0.358272,8,0.7
gefcom_wind,raw,scale,mlpmix,336,1,192,0.385319,8,0.9
gefcom_wind,raw,scale,mlpmix,336,2,192,0.379924,8,1.0
gefcom_wind,raw,scale,mlpmix,336,3,192,0.379851,8,0.8
gefcom_wind,raw,scale,mlpmix,336,4,192,0.375006,8,1.0
gefcom_wind,revin,scale,mlpmix,336,0,192,0.304704,8,1.3
gefcom_wind,revin,scale,mlpmix,336,1,192,0.310514,8,1.5
gefcom_wind,revin,scale,mlpmix,336,2,192,0.312345,8,0.8
gefcom_wind,revin,scale,mlpmix,336,3,192,0.322723,8,0.8
gefcom_wind,revin,scale,mlpmix,336,4,192,0.301233,8,1.3
gefcom_solar,raw,global,linmix,24,0,192,0.160753,8,0.2
gefcom_solar,raw,global,linmix,24,1,192,0.166929,8,0.1
gefcom_solar,raw,global,linmix,24,2,192,0.161565,8,0.2
gefcom_solar,raw,global,linmix,24,3,192,0.156627,8,0.2
gefcom_solar,raw,global,linmix,24,4,192,0.15966,8,0.2
gefcom_solar,revin,global,linmix,24,0,192,0.142852,8,0.3
gefcom_solar,revin,global,linmix,24,1,192,0.149075,8,0.3
gefcom_solar,revin,global,linmix,24,2,192,0.146899,8,0.3
gefcom_solar,revin,global,linmix,24,3,192,0.148412,8,0.5
gefcom_solar,revin,global,linmix,24,4,192,0.145231,8,0.3
gefcom_solar,raw,window,linmix,24,0,192,1.27815,8,0.5
gefcom_solar,raw,window,linmix,24,1,192,6.198569,8,0.3
gefcom_solar,raw,window,linmix,24,2,192,0.362511,8,0.8
gefcom_solar,raw,window,linmix,24,3,192,0.730481,8,0.5
gefcom_solar,raw,window,linmix,24,4,192,0.385805,8,0.6
gefcom_solar,revin,window,linmix,24,0,192,0.210469,8,1.2
gefcom_solar,revin,window,linmix,24,1,192,0.211986,8,0.9
gefcom_solar,revin,window,linmix,24,2,192,0.365216,8,0.8
gefcom_solar,revin,window,linmix,24,3,192,0.577399,8,0.5
gefcom_solar,revin,window,linmix,24,4,192,0.216677,8,0.9
gefcom_solar,raw,window_floor,linmix,24,0,192,0.155365,8,0.5
gefcom_solar,raw,window_floor,linmix,24,1,192,0.150802,8,0.6
gefcom_solar,raw,window_floor,linmix,24,2,192,0.147886,8,0.5
gefcom_solar,raw,window_floor,linmix,24,3,192,0.15565,8,0.5
gefcom_solar,raw,window_floor,linmix,24,4,192,0.165014,8,0.4
gefcom_solar,revin,window_floor,linmix,24,0,192,0.139307,8,0.5
gefcom_solar,revin,window_floor,linmix,24,1,192,0.137074,8,0.7
gefcom_solar,revin,window_floor,linmix,24,2,192,0.138078,8,0.7
gefcom_solar,revin,window_floor,linmix,24,3,192,0.137429,8,0.6
gefcom_solar,revin,window_floor,linmix,24,4,192,0.135774,8,0.8
gefcom_solar,raw,scale,linmix,24,0,192,0.159628,8,0.2
gefcom_solar,raw,scale,linmix,24,1,192,0.182218,8,0.2
gefcom_solar,raw,scale,linmix,24,2,192,0.16181,8,0.2
gefcom_solar,raw,scale,linmix,24,3,192,0.173235,8,0.2
gefcom_solar,raw,scale,linmix,24,4,192,0.16589,8,0.2
gefcom_solar,revin,scale,linmix,24,0,192,0.14678,8,0.3
gefcom_solar,revin,scale,linmix,24,1,192,0.149613,8,0.4
gefcom_solar,revin,scale,linmix,24,2,192,0.147498,8,0.3
gefcom_solar,revin,scale,linmix,24,3,192,0.146224,8,0.4
gefcom_solar,revin,scale,linmix,24,4,192,0.144867,8,0.3
gefcom_solar,raw,global,linmix,96,0,96,0.149163,8,0.2
gefcom_solar,raw,global,linmix,96,1,96,0.14386,8,0.3
gefcom_solar,raw,global,linmix,96,2,96,0.143007,8,0.2
gefcom_solar,raw,global,linmix,96,3,96,0.145453,8,0.2
gefcom_solar,raw,global,linmix,96,4,96,0.150216,8,0.2
gefcom_solar,revin,global,linmix,96,0,96,0.149104,8,0.4
gefcom_solar,revin,global,linmix,96,1,96,0.143318,8,0.7
gefcom_solar,revin,global,linmix,96,2,96,0.149419,8,0.5
gefcom_solar,revin,global,linmix,96,3,96,0.151606,8,0.5
gefcom_solar,revin,global,linmix,96,4,96,0.134525,8,0.9
gefcom_solar,raw,window,linmix,96,0,96,19.618219,8,0.4
gefcom_solar,raw,window,linmix,96,1,96,39.745018,8,0.5
gefcom_solar,raw,window,linmix,96,2,96,23.325195,8,0.4
gefcom_solar,raw,window,linmix,96,3,96,16.72831,8,0.4
gefcom_solar,raw,window,linmix,96,4,96,17.468863,8,0.6
gefcom_solar,revin,window,linmix,96,0,96,9.671631,8,0.5
gefcom_solar,revin,window,linmix,96,1,96,9.306678,8,0.6
gefcom_solar,revin,window,linmix,96,2,96,4.138613,8,0.7
gefcom_solar,revin,window,linmix,96,3,96,3.068535,8,0.9
gefcom_solar,revin,window,linmix,96,4,96,7.205335,8,0.8
gefcom_solar,raw,window_floor,linmix,96,0,96,0.206525,8,0.4
gefcom_solar,raw,window_floor,linmix,96,1,96,0.200554,8,0.5
gefcom_solar,raw,window_floor,linmix,96,2,96,0.200873,8,0.4
gefcom_solar,raw,window_floor,linmix,96,3,96,0.228986,8,0.4
gefcom_solar,raw,window_floor,linmix,96,4,96,0.205048,8,0.4
gefcom_solar,revin,window_floor,linmix,96,0,96,0.172615,8,0.7
gefcom_solar,revin,window_floor,linmix,96,1,96,0.178253,8,0.7
gefcom_solar,revin,window_floor,linmix,96,2,96,0.184491,8,0.7
gefcom_solar,revin,window_floor,linmix,96,3,96,0.189049,8,1.2
gefcom_solar,revin,window_floor,linmix,96,4,96,0.183024,8,0.5
gefcom_solar,raw,scale,linmix,96,0,96,0.168141,8,0.4
gefcom_solar,raw,scale,linmix,96,1,96,0.172077,8,0.3
gefcom_solar,raw,scale,linmix,96,2,96,0.165226,8,0.3
gefcom_solar,raw,scale,linmix,96,3,96,0.172691,8,0.5
gefcom_solar,raw,scale,linmix,96,4,96,0.175335,8,0.6
gefcom_solar,revin,scale,linmix,96,0,96,0.125883,8,2.5
gefcom_solar,revin,scale,linmix,96,1,96,0.133678,8,2.2
gefcom_solar,revin,scale,linmix,96,2,96,0.137337,8,1.2
gefcom_solar,revin,scale,linmix,96,3,96,0.137023,8,1.0
gefcom_solar,revin,scale,linmix,96,4,96,0.138772,8,1.1
gefcom_solar,raw,global,linmix,336,0,96,0.195011,8,3.0
gefcom_solar,raw,global,linmix,336,1,96,0.188812,8,2.7
gefcom_solar,raw,global,linmix,336,2,96,0.192152,8,2.7
gefcom_solar,raw,global,linmix,336,3,96,0.195003,8,2.7
gefcom_solar,raw,global,linmix,336,4,96,0.190433,8,2.3
gefcom_solar,revin,global,linmix,336,0,96,0.193744,8,3.3
gefcom_solar,revin,global,linmix,336,1,96,0.195254,8,3.4
gefcom_solar,revin,global,linmix,336,2,96,0.199837,8,3.4
gefcom_solar,revin,global,linmix,336,3,96,0.1932,8,3.3
gefcom_solar,revin,global,linmix,336,4,96,0.192945,8,3.2
gefcom_solar,raw,window,linmix,336,0,96,919.867065,8,3.3
gefcom_solar,raw,window,linmix,336,1,96,1056.025757,8,2.6
gefcom_solar,raw,window,linmix,336,2,96,684.02594,8,2.3
gefcom_solar,raw,window,linmix,336,3,96,680.603271,8,3.4
gefcom_solar,raw,window,linmix,336,4,96,599.041687,8,2.3
gefcom_solar,revin,window,linmix,336,0,96,197.907867,8,4.4
gefcom_solar,revin,window,linmix,336,1,96,103.673691,8,8.9
gefcom_solar,revin,window,linmix,336,2,96,56.43203,8,9.8
gefcom_solar,revin,window,linmix,336,3,96,165.852386,8,26.4
gefcom_solar,revin,window,linmix,336,4,96,182.876862,8,20.9
gefcom_solar,raw,window_floor,linmix,336,0,96,0.687171,8,10.3
gefcom_solar,raw,window_floor,linmix,336,1,96,0.631389,8,10.4
gefcom_solar,raw,window_floor,linmix,336,2,96,0.591798,8,16.2
gefcom_solar,raw,window_floor,linmix,336,3,96,0.609971,8,15.7
gefcom_solar,raw,window_floor,linmix,336,4,96,0.55279,8,11.5
gefcom_solar,revin,window_floor,linmix,336,0,96,0.496753,8,23.8
gefcom_solar,revin,window_floor,linmix,336,1,96,0.405883,8,13.2
gefcom_solar,revin,window_floor,linmix,336,2,96,0.431701,8,17.7
gefcom_solar,revin,window_floor,linmix,336,3,96,0.452902,8,18.5
gefcom_solar,revin,window_floor,linmix,336,4,96,0.440887,8,20.5
gefcom_solar,raw,scale,linmix,336,0,96,0.252708,8,16.1
gefcom_solar,raw,scale,linmix,336,1,96,0.251942,8,10.6
gefcom_solar,raw,scale,linmix,336,2,96,0.250311,8,3.3
gefcom_solar,raw,scale,linmix,336,3,96,0.256853,8,3.1
gefcom_solar,raw,scale,linmix,336,4,96,0.243293,8,3.8
gefcom_solar,revin,scale,linmix,336,0,96,0.179075,8,3.6
gefcom_solar,revin,scale,linmix,336,1,96,0.175648,8,3.5
gefcom_solar,revin,scale,linmix,336,2,96,0.180752,8,9.7
gefcom_solar,revin,scale,linmix,336,3,96,0.176949,8,14.7
gefcom_solar,revin,scale,linmix,336,4,96,0.1751,8,20.5
gefcom_solar,raw,global,mlpmix,24,0,192,0.083216,8,7.4
gefcom_solar,raw,global,mlpmix,24,1,192,0.080706,8,5.6
gefcom_solar,raw,global,mlpmix,24,2,192,0.084403,8,2.6
gefcom_solar,raw,global,mlpmix,24,3,192,0.081562,8,5.8
gefcom_solar,raw,global,mlpmix,24,4,192,0.080352,8,4.6
gefcom_solar,revin,global,mlpmix,24,0,192,0.081497,8,8.5
gefcom_solar,revin,global,mlpmix,24,1,192,0.082149,8,6.6
gefcom_solar,revin,global,mlpmix,24,2,192,0.084485,8,8.1
gefcom_solar,revin,global,mlpmix,24,3,192,0.08481,8,8.3
gefcom_solar,revin,global,mlpmix,24,4,192,0.083213,8,5.7
gefcom_solar,raw,window,mlpmix,24,0,192,0.104394,8,2.6
gefcom_solar,raw,window,mlpmix,24,1,192,0.102304,8,3.8
gefcom_solar,raw,window,mlpmix,24,2,192,0.102887,8,3.0
gefcom_solar,raw,window,mlpmix,24,3,192,0.102812,8,4.1
gefcom_solar,raw,window,mlpmix,24,4,192,0.099492,8,3.7
gefcom_solar,revin,window,mlpmix,24,0,192,0.103726,8,5.6
gefcom_solar,revin,window,mlpmix,24,1,192,0.099223,8,6.3
gefcom_solar,revin,window,mlpmix,24,2,192,0.103897,8,3.2
gefcom_solar,revin,window,mlpmix,24,3,192,0.096292,8,8.3
gefcom_solar,revin,window,mlpmix,24,4,192,0.102053,8,6.2
gefcom_solar,raw,window_floor,mlpmix,24,0,192,0.088867,8,3.1
gefcom_solar,raw,window_floor,mlpmix,24,1,192,0.088757,8,4.9
gefcom_solar,raw,window_floor,mlpmix,24,2,192,0.089468,8,3.9
gefcom_solar,raw,window_floor,mlpmix,24,3,192,0.088809,8,2.9
gefcom_solar,raw,window_floor,mlpmix,24,4,192,0.083354,8,5.9
gefcom_solar,revin,window_floor,mlpmix,24,0,192,0.089882,8,4.9
gefcom_solar,revin,window_floor,mlpmix,24,1,192,0.088131,8,5.5
gefcom_solar,revin,window_floor,mlpmix,24,2,192,0.090511,8,4.9
gefcom_solar,revin,window_floor,mlpmix,24,3,192,0.091284,8,3.5
gefcom_solar,revin,window_floor,mlpmix,24,4,192,0.089786,8,5.3
gefcom_solar,raw,scale,mlpmix,24,0,192,0.087033,8,2.5
gefcom_solar,raw,scale,mlpmix,24,1,192,0.084738,8,5.5
gefcom_solar,raw,scale,mlpmix,24,2,192,0.085987,8,8.4
gefcom_solar,raw,scale,mlpmix,24,3,192,0.083591,8,20.7
gefcom_solar,raw,scale,mlpmix,24,4,192,0.081437,8,10.3
gefcom_solar,revin,scale,mlpmix,24,0,192,0.084106,8,4.4
gefcom_solar,revin,scale,mlpmix,24,1,192,0.081458,8,23.2
gefcom_solar,revin,scale,mlpmix,24,2,192,0.086179,8,13.3
gefcom_solar,revin,scale,mlpmix,24,3,192,0.08232,8,24.9
gefcom_solar,revin,scale,mlpmix,24,4,192,0.081574,8,9.9
gefcom_solar,raw,global,mlpmix,96,0,96,0.084311,8,5.9
gefcom_solar,raw,global,mlpmix,96,1,96,0.081964,8,4.4
gefcom_solar,raw,global,mlpmix,96,2,96,0.08729,8,2.9
gefcom_solar,raw,global,mlpmix,96,3,96,0.083133,8,6.2
gefcom_solar,raw,global,mlpmix,96,4,96,0.083136,8,4.4
gefcom_solar,revin,global,mlpmix,96,0,96,0.090948,8,8.1
gefcom_solar,revin,global,mlpmix,96,1,96,0.094111,8,7.0
gefcom_solar,revin,global,mlpmix,96,2,96,0.09321,8,7.1
gefcom_solar,revin,global,mlpmix,96,3,96,0.092297,8,6.5
gefcom_solar,revin,global,mlpmix,96,4,96,0.092191,8,7.2
gefcom_solar,raw,window,mlpmix,96,0,96,0.171082,8,7.2
gefcom_solar,raw,window,mlpmix,96,1,96,0.17162,8,7.2
gefcom_solar,raw,window,mlpmix,96,2,96,0.180565,8,4.8
gefcom_solar,raw,window,mlpmix,96,3,96,0.17614,8,8.0
gefcom_solar,raw,window,mlpmix,96,4,96,0.174453,8,6.3
gefcom_solar,revin,window,mlpmix,96,0,96,0.194701,8,11.4
gefcom_solar,revin,window,mlpmix,96,1,96,0.174459,8,8.8
gefcom_solar,revin,window,mlpmix,96,2,96,0.196929,8,5.8
gefcom_solar,revin,window,mlpmix,96,3,96,0.177577,8,8.5
gefcom_solar,revin,window,mlpmix,96,4,96,0.185847,8,9.2
gefcom_solar,raw,window_floor,mlpmix,96,0,96,0.099998,8,7.1
gefcom_solar,raw,window_floor,mlpmix,96,1,96,0.10064,8,5.3
gefcom_solar,raw,window_floor,mlpmix,96,2,96,0.101569,8,6.8
gefcom_solar,raw,window_floor,mlpmix,96,3,96,0.098522,8,6.0
gefcom_solar,raw,window_floor,mlpmix,96,4,96,0.099718,8,6.1
gefcom_solar,revin,window_floor,mlpmix,96,0,96,0.104421,8,9.1
gefcom_solar,revin,window_floor,mlpmix,96,1,96,0.106423,8,9.0
gefcom_solar,revin,window_floor,mlpmix,96,2,96,0.105652,8,8.2
gefcom_solar,revin,window_floor,mlpmix,96,3,96,0.106481,8,5.7
gefcom_solar,revin,window_floor,mlpmix,96,4,96,0.10615,8,8.5
gefcom_solar,raw,scale,mlpmix,96,0,96,0.085626,8,6.8
gefcom_solar,raw,scale,mlpmix,96,1,96,0.085828,8,4.6
gefcom_solar,raw,scale,mlpmix,96,2,96,0.095872,8,2.7
gefcom_solar,raw,scale,mlpmix,96,3,96,0.08608,8,7.3
gefcom_solar,raw,scale,mlpmix,96,4,96,0.086166,8,4.7
gefcom_solar,revin,scale,mlpmix,96,0,96,0.086834,8,4.7
gefcom_solar,revin,scale,mlpmix,96,1,96,0.085682,8,4.7
gefcom_solar,revin,scale,mlpmix,96,2,96,0.085843,8,4.1
gefcom_solar,revin,scale,mlpmix,96,3,96,0.085696,8,5.2
gefcom_solar,revin,scale,mlpmix,96,4,96,0.085343,8,5.1
gefcom_solar,raw,global,mlpmix,336,0,192,0.107624,8,9.1
gefcom_solar,raw,global,mlpmix,336,1,192,0.106279,8,8.9
gefcom_solar,raw,global,mlpmix,336,2,192,0.105908,8,12.7
gefcom_solar,raw,global,mlpmix,336,3,192,0.107745,8,16.0
gefcom_solar,raw,global,mlpmix,336,4,192,0.106119,8,15.2
gefcom_solar,revin,global,mlpmix,336,0,192,0.119488,8,16.5
gefcom_solar,revin,global,mlpmix,336,1,192,0.121857,8,58.1
gefcom_solar,revin,global,mlpmix,336,2,192,0.118616,8,104.5
gefcom_solar,revin,global,mlpmix,336,3,192,0.123546,8,72.5
gefcom_solar,revin,global,mlpmix,336,4,192,0.117548,8,94.4
gefcom_solar,raw,window,mlpmix,336,0,192,0.344691,8,81.3
gefcom_solar,raw,window,mlpmix,336,1,192,0.352661,8,98.0
gefcom_solar,raw,window,mlpmix,336,2,192,0.327774,8,124.9
gefcom_solar,raw,window,mlpmix,336,3,192,0.335493,8,243.9
gefcom_solar,raw,window,mlpmix,336,4,192,0.331175,8,222.9
gefcom_solar,revin,window,mlpmix,336,0,192,0.316502,8,55.5
gefcom_solar,revin,window,mlpmix,336,1,192,0.287407,8,23.1
gefcom_solar,revin,window,mlpmix,336,2,192,0.321632,8,18.7
gefcom_solar,revin,window,mlpmix,336,3,192,0.319755,8,16.3
gefcom_solar,revin,window,mlpmix,336,4,192,0.345494,8,49.3
gefcom_solar,raw,window_floor,mlpmix,336,0,192,0.132228,8,48.7
gefcom_solar,raw,window_floor,mlpmix,336,1,192,0.133559,8,56.2
gefcom_solar,raw,window_floor,mlpmix,336,2,192,0.132092,8,50.8
gefcom_solar,raw,window_floor,mlpmix,336,3,192,0.133349,8,74.1
gefcom_solar,raw,window_floor,mlpmix,336,4,192,0.132532,8,45.2
gefcom_solar,revin,window_floor,mlpmix,336,0,192,0.130616,8,29.7
gefcom_solar,revin,window_floor,mlpmix,336,1,192,0.130933,8,90.1
gefcom_solar,revin,window_floor,mlpmix,336,2,192,0.134491,8,77.4
gefcom_solar,revin,window_floor,mlpmix,336,3,192,0.131188,8,74.8
gefcom_solar,revin,window_floor,mlpmix,336,4,192,0.130884,8,67.8
gefcom_solar,raw,scale,mlpmix,336,0,192,0.109558,8,52.5
gefcom_solar,raw,scale,mlpmix,336,1,192,0.107701,8,58.9
gefcom_solar,raw,scale,mlpmix,336,2,192,0.10866,8,35.6
gefcom_solar,raw,scale,mlpmix,336,3,192,0.109158,8,56.0
gefcom_solar,raw,scale,mlpmix,336,4,192,0.107218,8,68.4
gefcom_solar,revin,scale,mlpmix,336,0,192,0.109514,8,81.9
gefcom_solar,revin,scale,mlpmix,336,1,192,0.108756,8,153.6
gefcom_solar,revin,scale,mlpmix,336,2,192,0.108265,8,59.3
gefcom_solar,revin,scale,mlpmix,336,3,192,0.109085,8,67.1
gefcom_solar,revin,scale,mlpmix,336,4,192,0.107988,8,75.5
gefcom_wind,raw,center_global,linmix,24,0,192,0.256114,8,5.6
gefcom_wind,raw,center_global,linmix,24,1,192,0.252388,8,1.9
gefcom_wind,raw,center_global,linmix,24,2,192,0.269842,8,6.6
gefcom_wind,raw,center_global,linmix,24,3,192,0.272228,8,3.4
gefcom_wind,raw,center_global,linmix,24,4,192,0.251923,8,3.7
gefcom_wind,revin,center_global,linmix,24,0,192,0.313321,8,5.7
gefcom_wind,revin,center_global,linmix,24,1,192,0.315005,8,8.0
gefcom_wind,revin,center_global,linmix,24,2,192,0.317143,8,5.8
gefcom_wind,revin,center_global,linmix,24,3,192,0.307682,8,2.8
gefcom_wind,revin,center_global,linmix,24,4,192,0.321415,8,3.7
gefcom_wind,raw,center_scale,linmix,24,0,192,0.282976,8,2.4
gefcom_wind,raw,center_scale,linmix,24,1,192,0.269062,8,3.4
gefcom_wind,raw,center_scale,linmix,24,2,192,0.287858,8,2.4
gefcom_wind,raw,center_scale,linmix,24,3,192,0.284914,8,0.7
gefcom_wind,raw,center_scale,linmix,24,4,192,0.262431,8,4.9
gefcom_wind,revin,center_scale,linmix,24,0,192,0.247279,8,7.8
gefcom_wind,revin,center_scale,linmix,24,1,192,0.251625,8,7.0
gefcom_wind,revin,center_scale,linmix,24,2,192,0.247986,8,8.0
gefcom_wind,revin,center_scale,linmix,24,3,192,0.256971,8,7.4
gefcom_wind,revin,center_scale,linmix,24,4,192,0.252453,8,0.5
gefcom_wind,raw,center_global,linmix,96,0,336,0.307621,8,6.0
gefcom_wind,raw,center_global,linmix,96,1,336,0.281864,8,1.1
gefcom_wind,raw,center_global,linmix,96,2,336,0.272483,8,1.0
gefcom_wind,raw,center_global,linmix,96,3,336,0.257042,8,4.6
gefcom_wind,raw,center_global,linmix,96,4,336,0.262676,8,1.4
gefcom_wind,revin,center_global,linmix,96,0,336,0.303739,8,14.2
gefcom_wind,revin,center_global,linmix,96,1,336,0.28787,8,6.6
gefcom_wind,revin,center_global,linmix,96,2,336,0.27591,8,7.4
gefcom_wind,revin,center_global,linmix,96,3,336,0.298617,8,7.2
gefcom_wind,revin,center_global,linmix,96,4,336,0.298808,8,8.0
gefcom_wind,raw,center_scale,linmix,96,0,336,0.304038,8,1.0
gefcom_wind,raw,center_scale,linmix,96,1,336,0.296208,8,5.5
gefcom_wind,raw,center_scale,linmix,96,2,336,0.292672,8,1.5
gefcom_wind,raw,center_scale,linmix,96,3,336,0.286891,8,6.1
gefcom_wind,raw,center_scale,linmix,96,4,336,0.296873,8,0.5
gefcom_wind,revin,center_scale,linmix,96,0,336,0.256843,8,10.2
gefcom_wind,revin,center_scale,linmix,96,1,336,0.241162,8,1.8
gefcom_wind,revin,center_scale,linmix,96,2,336,0.240509,8,0.8
gefcom_wind,revin,center_scale,linmix,96,3,336,0.260892,8,1.2
gefcom_wind,revin,center_scale,linmix,96,4,336,0.24015,8,1.1
gefcom_wind,raw,center_global,linmix,336,0,336,0.389104,8,1.3
gefcom_wind,raw,center_global,linmix,336,1,336,0.351452,8,1.4
gefcom_wind,raw,center_global,linmix,336,2,336,0.382218,8,1.3
gefcom_wind,raw,center_global,linmix,336,3,336,0.417996,8,1.7
gefcom_wind,raw,center_global,linmix,336,4,336,0.404213,8,1.4
gefcom_wind,revin,center_global,linmix,336,0,336,0.391465,8,3.1
gefcom_wind,revin,center_global,linmix,336,1,336,0.390372,8,3.5
gefcom_wind,revin,center_global,linmix,336,2,336,0.344961,8,3.0
gefcom_wind,revin,center_global,linmix,336,3,336,0.372549,8,3.1
gefcom_wind,revin,center_global,linmix,336,4,336,0.357914,8,2.1
gefcom_wind,raw,center_scale,linmix,336,0,336,0.381065,8,1.0
gefcom_wind,raw,center_scale,linmix,336,1,336,0.366507,8,2.3
gefcom_wind,raw,center_scale,linmix,336,2,336,0.397525,8,1.5
gefcom_wind,raw,center_scale,linmix,336,3,336,0.38376,8,0.8
gefcom_wind,raw,center_scale,linmix,336,4,336,0.386341,8,1.0
gefcom_wind,revin,center_scale,linmix,336,0,336,0.376396,8,5.0
gefcom_wind,revin,center_scale,linmix,336,1,336,0.356586,8,3.3
gefcom_wind,revin,center_scale,linmix,336,2,336,0.322031,8,1.2
gefcom_wind,revin,center_scale,linmix,336,3,336,0.341104,8,3.7
gefcom_wind,revin,center_scale,linmix,336,4,336,0.335427,8,2.1
gefcom_solar,raw,center_global,linmix,24,0,192,0.142932,8,1.6
gefcom_solar,raw,center_global,linmix,24,1,192,0.14679,8,1.2
gefcom_solar,raw,center_global,linmix,24,2,192,0.147022,8,0.8
gefcom_solar,raw,center_global,linmix,24,3,192,0.149572,8,2.0
gefcom_solar,raw,center_global,linmix,24,4,192,0.153749,8,1.4
gefcom_solar,revin,center_global,linmix,24,0,192,0.139038,8,1.2
gefcom_solar,revin,center_global,linmix,24,1,192,0.138662,8,3.9
gefcom_solar,revin,center_global,linmix,24,2,192,0.139704,8,1.3
gefcom_solar,revin,center_global,linmix,24,3,192,0.140193,8,3.1
gefcom_solar,revin,center_global,linmix,24,4,192,0.130771,8,4.6
gefcom_solar,raw,center_scale,linmix,24,0,192,0.15018,8,1.3
gefcom_solar,raw,center_scale,linmix,24,1,192,0.15323,8,1.7
gefcom_solar,raw,center_scale,linmix,24,2,192,0.151138,8,2.0
gefcom_solar,raw,center_scale,linmix,24,3,192,0.154962,8,1.4
gefcom_solar,raw,center_scale,linmix,24,4,192,0.164108,8,0.6
gefcom_solar,revin,center_scale,linmix,24,0,192,0.13614,8,1.8
gefcom_solar,revin,center_scale,linmix,24,1,192,0.132223,8,2.8
gefcom_solar,revin,center_scale,linmix,24,2,192,0.133633,8,1.5
gefcom_solar,revin,center_scale,linmix,24,3,192,0.127571,8,3.5
gefcom_solar,revin,center_scale,linmix,24,4,192,0.141083,8,1.8
gefcom_solar,raw,center_global,linmix,96,0,96,0.135145,8,2.0
gefcom_solar,raw,center_global,linmix,96,1,96,0.138205,8,0.9
gefcom_solar,raw,center_global,linmix,96,2,96,0.133058,8,1.2
gefcom_solar,raw,center_global,linmix,96,3,96,0.137307,8,1.6
gefcom_solar,raw,center_global,linmix,96,4,96,0.133462,8,1.6
gefcom_solar,revin,center_global,linmix,96,0,96,0.137979,8,1.2
gefcom_solar,revin,center_global,linmix,96,1,96,0.135341,8,3.1
gefcom_solar,revin,center_global,linmix,96,2,96,0.138857,8,1.8
gefcom_solar,revin,center_global,linmix,96,3,96,0.136864,8,1.6
gefcom_solar,revin,center_global,linmix,96,4,96,0.137707,8,2.9
gefcom_solar,raw,center_scale,linmix,96,0,96,0.152527,8,1.2
gefcom_solar,raw,center_scale,linmix,96,1,96,0.151975,8,1.4
gefcom_solar,raw,center_scale,linmix,96,2,96,0.152732,8,1.7
gefcom_solar,raw,center_scale,linmix,96,3,96,0.159141,8,1.0
gefcom_solar,raw,center_scale,linmix,96,4,96,0.150987,8,1.4
gefcom_solar,revin,center_scale,linmix,96,0,96,0.127583,8,2.7
gefcom_solar,revin,center_scale,linmix,96,1,96,0.122325,8,1.8
gefcom_solar,revin,center_scale,linmix,96,2,96,0.12714,8,2.9
gefcom_solar,revin,center_scale,linmix,96,3,96,0.128201,8,1.5
gefcom_solar,revin,center_scale,linmix,96,4,96,0.120476,8,4.9
gefcom_solar,raw,center_global,linmix,336,0,96,0.178087,8,5.0
gefcom_solar,raw,center_global,linmix,336,1,96,0.177868,8,4.9
gefcom_solar,raw,center_global,linmix,336,2,96,0.172443,8,5.1
gefcom_solar,raw,center_global,linmix,336,3,96,0.177661,8,5.5
gefcom_solar,raw,center_global,linmix,336,4,96,0.168939,8,5.2
gefcom_solar,revin,center_global,linmix,336,0,96,0.180433,8,8.7
gefcom_solar,revin,center_global,linmix,336,1,96,0.179204,8,6.3
gefcom_solar,revin,center_global,linmix,336,2,96,0.177149,8,8.4
gefcom_solar,revin,center_global,linmix,336,3,96,0.178651,8,8.6
gefcom_solar,revin,center_global,linmix,336,4,96,0.178011,8,6.2
gefcom_solar,raw,center_scale,linmix,336,0,96,0.223984,8,5.4
gefcom_solar,raw,center_scale,linmix,336,1,96,0.212771,8,4.9
gefcom_solar,raw,center_scale,linmix,336,2,96,0.201732,8,7.2
gefcom_solar,raw,center_scale,linmix,336,3,96,0.210055,8,6.2
gefcom_solar,raw,center_scale,linmix,336,4,96,0.195707,8,6.0
gefcom_solar,revin,center_scale,linmix,336,0,96,0.161685,8,7.0
gefcom_solar,revin,center_scale,linmix,336,1,96,0.159886,8,6.5
gefcom_solar,revin,center_scale,linmix,336,2,96,0.156086,8,7.8
gefcom_solar,revin,center_scale,linmix,336,3,96,0.158024,8,8.8
gefcom_solar,revin,center_scale,linmix,336,4,96,0.156605,8,8.3
