dataset,arm,backbone,h,seed,variant,width80,upper_margin,pinball,crps,cov80,cov_lo,cov_hi,val_cov80
jeju_wind,raw,rlinear_q,24,0,none,1.75443,1.109818,0.205013,0.410025,0.817793,0.091376,0.909169,0.764214
jeju_wind,raw,rlinear_q,24,0,pooled,1.903684,1.255155,0.205433,0.410867,0.849106,0.075725,0.92483,0.799988
jeju_wind,raw,rlinear_q,24,0,perstep,1.925304,1.283316,0.205171,0.410343,0.848773,0.075462,0.924235,0.800191
jeju_wind,raw,rlinear_q,24,1,none,1.757306,1.091626,0.204501,0.409002,0.81854,0.089661,0.9082,0.765139
jeju_wind,raw,rlinear_q,24,1,pooled,1.909073,1.246468,0.204749,0.409497,0.848773,0.076653,0.925426,0.799988
jeju_wind,raw,rlinear_q,24,1,perstep,1.927734,1.27392,0.204288,0.408576,0.848642,0.075947,0.924588,0.800345
jeju_wind,raw,rlinear_q,24,2,none,1.771809,1.133505,0.204747,0.409493,0.829297,0.078752,0.908049,0.764194
jeju_wind,raw,rlinear_q,24,2,pooled,1.940389,1.293352,0.205242,0.410484,0.859853,0.067399,0.927252,0.799988
jeju_wind,raw,rlinear_q,24,2,perstep,1.963949,1.318545,0.205101,0.410203,0.859278,0.067359,0.926637,0.800249
jeju_wind,raw,rlinear_q,24,3,none,1.78724,1.134214,0.204931,0.409862,0.812041,0.099419,0.91146,0.762401
jeju_wind,raw,rlinear_q,24,3,pooled,1.933159,1.286028,0.205069,0.410138,0.84625,0.080851,0.927101,0.799988
jeju_wind,raw,rlinear_q,24,3,perstep,1.946942,1.304356,0.204974,0.409949,0.8462,0.080619,0.926818,0.800239
jeju_wind,raw,rlinear_q,24,4,none,1.730975,1.088607,0.203688,0.407376,0.802131,0.105665,0.907796,0.759845
jeju_wind,raw,rlinear_q,24,4,pooled,1.878687,1.239052,0.203515,0.407029,0.843132,0.080952,0.924084,0.800181
jeju_wind,raw,rlinear_q,24,4,perstep,1.892882,1.26142,0.203199,0.406397,0.843717,0.080104,0.923821,0.801001
jeju_wind,revin,rlinear_q,24,0,none,1.756609,1.085488,0.208409,0.416819,0.801657,0.081588,0.883245,0.789574
jeju_wind,revin,rlinear_q,24,0,pooled,1.826406,1.169452,0.208263,0.416526,0.812132,0.088258,0.90039,0.799988
jeju_wind,revin,rlinear_q,24,0,perstep,1.830907,1.177877,0.20819,0.41638,0.810981,0.089297,0.900279,0.800104
jeju_wind,revin,rlinear_q,24,1,none,1.703794,1.053192,0.208633,0.417266,0.781757,0.097189,0.878946,0.772863
jeju_wind,revin,rlinear_q,24,1,pooled,1.837338,1.176484,0.208519,0.417037,0.814987,0.08957,0.904557,0.799988
jeju_wind,revin,rlinear_q,24,1,perstep,1.84963,1.19018,0.208454,0.416909,0.81532,0.089862,0.905183,0.800056
jeju_wind,revin,rlinear_q,24,2,none,1.721796,1.08024,0.208463,0.416926,0.792696,0.086542,0.879238,0.781079
jeju_wind,revin,rlinear_q,24,2,pooled,1.818389,1.154135,0.208298,0.416595,0.815482,0.083565,0.899047,0.799988
jeju_wind,revin,rlinear_q,24,2,perstep,1.829117,1.15605,0.208185,0.416371,0.815694,0.083384,0.899078,0.800201
jeju_wind,revin,rlinear_q,24,3,none,1.705255,1.039825,0.208992,0.417984,0.777196,0.104596,0.881791,0.770289
jeju_wind,revin,rlinear_q,24,3,pooled,1.829241,1.151543,0.208918,0.417837,0.814594,0.086371,0.900965,0.799988
jeju_wind,revin,rlinear_q,24,3,perstep,1.836463,1.159091,0.208849,0.417698,0.814271,0.086603,0.900874,0.800046
jeju_wind,revin,rlinear_q,24,4,none,1.670583,1.039387,0.208625,0.417251,0.774512,0.102416,0.876927,0.762198
jeju_wind,revin,rlinear_q,24,4,pooled,1.823717,1.154737,0.208658,0.417316,0.821527,0.078802,0.900329,0.799988
jeju_wind,revin,rlinear_q,24,4,perstep,1.834136,1.167897,0.208638,0.417277,0.821486,0.079115,0.900601,0.800075
jeju_wind,condnorm,rlinear_q,24,0,none,0.72117,0.405482,0.163078,0.326157,0.572213,0.210584,0.782796,0.539256
jeju_wind,condnorm,rlinear_q,24,0,pooled,1.415106,0.765807,0.159541,0.319081,0.827773,0.053413,0.881186,0.799988
jeju_wind,condnorm,rlinear_q,24,0,perstep,1.41912,0.772941,0.159294,0.318589,0.828732,0.053383,0.882114,0.799988
jeju_wind,condnorm,rlinear_q,24,1,none,0.740432,0.419391,0.164448,0.328896,0.577793,0.210029,0.787822,0.554656
jeju_wind,condnorm,rlinear_q,24,1,pooled,1.41529,0.771913,0.160865,0.32173,0.823121,0.056097,0.879218,0.799988
jeju_wind,condnorm,rlinear_q,24,1,perstep,1.423399,0.780857,0.160632,0.321264,0.823605,0.055764,0.87937,0.79996
jeju_wind,condnorm,rlinear_q,24,2,none,0.739928,0.417081,0.166086,0.332173,0.568701,0.210574,0.779275,0.555919
jeju_wind,condnorm,rlinear_q,24,2,pooled,1.401197,0.754203,0.161975,0.323949,0.817006,0.056884,0.87389,0.799988
jeju_wind,condnorm,rlinear_q,24,2,perstep,1.407993,0.762991,0.161646,0.323293,0.818126,0.056511,0.874637,0.799998
jeju_wind,condnorm,rlinear_q,24,3,none,0.691932,0.387871,0.164757,0.329514,0.548852,0.222966,0.771817,0.531715
jeju_wind,condnorm,rlinear_q,24,3,pooled,1.404137,0.75468,0.160341,0.320681,0.823222,0.053756,0.876978,0.799988
jeju_wind,condnorm,rlinear_q,24,3,perstep,1.410798,0.763513,0.159994,0.319989,0.825028,0.053241,0.87827,0.800008
jeju_wind,condnorm,rlinear_q,24,4,none,0.692061,0.390921,0.166089,0.332177,0.549215,0.221876,0.771091,0.541532
jeju_wind,condnorm,rlinear_q,24,4,pooled,1.381845,0.74967,0.161699,0.323399,0.814029,0.056723,0.870752,0.799988
jeju_wind,condnorm,rlinear_q,24,4,perstep,1.386415,0.758733,0.161524,0.323049,0.815149,0.057318,0.872467,0.800008
gefcom_wind,raw,rlinear_q,24,0,none,2.04527,1.138429,0.272644,0.545289,0.762661,0.088424,0.851085,0.772268
gefcom_wind,raw,rlinear_q,24,0,pooled,2.147111,1.223917,0.273312,0.546623,0.788317,0.076969,0.865287,0.799965
gefcom_wind,raw,rlinear_q,24,0,perstep,2.173834,1.258999,0.274118,0.548236,0.784968,0.079314,0.864282,0.800053
gefcom_wind,raw,rlinear_q,24,1,none,2.037603,1.111362,0.26765,0.5353,0.759847,0.098339,0.858186,0.754215
gefcom_wind,raw,rlinear_q,24,1,pooled,2.210182,1.251251,0.267823,0.535646,0.801514,0.085343,0.886857,0.799965
gefcom_wind,raw,rlinear_q,24,1,perstep,2.243031,1.284173,0.268127,0.536254,0.800844,0.088089,0.888934,0.799921
gefcom_wind,raw,rlinear_q,24,2,none,2.074509,1.169659,0.280069,0.560137,0.763264,0.086817,0.85008,0.774431
gefcom_wind,raw,rlinear_q,24,2,pooled,2.176888,1.260122,0.280061,0.560121,0.786643,0.081324,0.867966,0.799965
gefcom_wind,raw,rlinear_q,24,2,perstep,2.189703,1.275104,0.280485,0.560969,0.783896,0.080922,0.864818,0.799854
gefcom_wind,raw,rlinear_q,24,3,none,1.905434,1.060359,0.281206,0.562412,0.708266,0.111267,0.819534,0.747948
gefcom_wind,raw,rlinear_q,24,3,pooled,2.109743,1.222218,0.281223,0.562445,0.761723,0.093449,0.855171,0.799965
gefcom_wind,raw,rlinear_q,24,3,perstep,2.147621,1.258404,0.281535,0.56307,0.763063,0.093382,0.856444,0.800097
gefcom_wind,raw,rlinear_q,24,4,none,1.860336,1.03458,0.281996,0.563993,0.703577,0.115622,0.819199,0.721354
gefcom_wind,raw,rlinear_q,24,4,pooled,2.142229,1.240937,0.281679,0.563358,0.775523,0.086951,0.862473,0.799965
gefcom_wind,raw,rlinear_q,24,4,perstep,2.175713,1.271111,0.281683,0.563366,0.776058,0.087956,0.864014,0.80045
gefcom_wind,revin,rlinear_q,24,0,none,2.202393,1.278104,0.275336,0.550672,0.76802,0.141144,0.909164,0.79789
gefcom_wind,revin,rlinear_q,24,0,pooled,2.241017,1.342665,0.275404,0.550809,0.771302,0.15414,0.925442,0.800163
gefcom_wind,revin,rlinear_q,24,0,perstep,2.253504,1.356668,0.275422,0.550845,0.7709,0.155413,0.926313,0.80023
gefcom_wind,revin,rlinear_q,24,1,none,2.173118,1.263337,0.277835,0.555669,0.75824,0.135785,0.894025,0.794469
gefcom_wind,revin,rlinear_q,24,1,pooled,2.22923,1.314715,0.277712,0.555425,0.76601,0.151594,0.917605,0.799965
gefcom_wind,revin,rlinear_q,24,1,perstep,2.245879,1.328272,0.277802,0.555604,0.768355,0.151125,0.91948,0.80023
gefcom_wind,revin,rlinear_q,24,2,none,2.224437,1.262673,0.27009,0.540181,0.775255,0.13123,0.906484,0.795749
gefcom_wind,revin,rlinear_q,24,2,pooled,2.273006,1.343706,0.270512,0.541023,0.78202,0.145766,0.927787,0.80023
gefcom_wind,revin,rlinear_q,24,2,perstep,2.280598,1.351069,0.270481,0.540963,0.783628,0.144829,0.928457,0.800185
gefcom_wind,revin,rlinear_q,24,3,none,2.177238,1.277773,0.281857,0.563714,0.74645,0.143556,0.890005,0.808594
gefcom_wind,revin,rlinear_q,24,3,pooled,2.165347,1.277396,0.281799,0.563598,0.738813,0.15903,0.897843,0.800075
gefcom_wind,revin,rlinear_q,24,3,perstep,2.174491,1.286339,0.281958,0.563916,0.740287,0.158896,0.899183,0.800053
gefcom_wind,revin,rlinear_q,24,4,none,2.082248,1.206685,0.28054,0.561079,0.72642,0.157623,0.884043,0.782133
gefcom_wind,revin,rlinear_q,24,4,pooled,2.166482,1.289891,0.28024,0.56048,0.746517,0.156886,0.903403,0.799965
gefcom_wind,revin,rlinear_q,24,4,perstep,2.179691,1.305631,0.280354,0.560707,0.744976,0.158695,0.903671,0.799943
gefcom_wind,condnorm,rlinear_q,24,0,none,0.526605,0.257694,0.134831,0.269662,0.471932,0.24444,0.716372,0.48848
gefcom_wind,condnorm,rlinear_q,24,0,pooled,1.129428,0.623141,0.127325,0.254651,0.822816,0.123995,0.946811,0.799965
gefcom_wind,condnorm,rlinear_q,24,0,perstep,1.127526,0.62018,0.127369,0.254738,0.822414,0.124531,0.946945,0.799788
gefcom_wind,condnorm,rlinear_q,24,1,none,0.511116,0.253696,0.134494,0.268988,0.462621,0.249129,0.71175,0.500331
gefcom_wind,condnorm,rlinear_q,24,1,pooled,1.088529,0.604555,0.126734,0.253469,0.813036,0.131364,0.9444,0.799965
gefcom_wind,condnorm,rlinear_q,24,1,perstep,1.092291,0.60524,0.126681,0.253361,0.813706,0.13123,0.944936,0.799788
gefcom_wind,condnorm,rlinear_q,24,2,none,0.513173,0.250233,0.134249,0.268498,0.462152,0.250335,0.712487,0.483272
gefcom_wind,condnorm,rlinear_q,24,2,pooled,1.118694,0.616224,0.126394,0.252789,0.824625,0.122454,0.947079,0.799965
gefcom_wind,condnorm,rlinear_q,24,2,perstep,1.119036,0.615185,0.126353,0.252706,0.825094,0.121852,0.946945,0.799788
gefcom_wind,condnorm,rlinear_q,24,3,none,0.533222,0.27027,0.134225,0.26845,0.476621,0.235798,0.71242,0.489363
gefcom_wind,condnorm,rlinear_q,24,3,pooled,1.130853,0.638263,0.126186,0.252373,0.831994,0.114081,0.946074,0.799965
gefcom_wind,condnorm,rlinear_q,24,3,perstep,1.128948,0.636079,0.126138,0.252276,0.830185,0.115287,0.945472,0.799788
gefcom_wind,condnorm,rlinear_q,24,4,none,0.52141,0.255018,0.134343,0.268686,0.470927,0.245445,0.716372,0.492496
gefcom_wind,condnorm,rlinear_q,24,4,pooled,1.11332,0.608678,0.126659,0.253317,0.819467,0.125,0.944467,0.799965
gefcom_wind,condnorm,rlinear_q,24,4,perstep,1.115055,0.606194,0.126581,0.253161,0.818395,0.124866,0.943261,0.799788
gefcom_load,raw,rlinear_q,24,0,none,1.063061,0.541488,0.115374,0.230748,0.84584,0.072132,0.917972,0.828921
gefcom_load,raw,rlinear_q,24,0,pooled,1.005187,0.507539,0.115064,0.230128,0.820031,0.085614,0.905645,0.800574
gefcom_load,raw,rlinear_q,24,0,perstep,1.002951,0.504262,0.114921,0.229842,0.820462,0.085279,0.905741,0.801077
gefcom_load,raw,rlinear_q,24,1,none,1.027203,0.513254,0.11447,0.22894,0.838875,0.072807,0.911683,0.822525
gefcom_load,raw,rlinear_q,24,1,pooled,0.984025,0.492418,0.114302,0.228605,0.818106,0.086313,0.904418,0.800481
gefcom_load,raw,rlinear_q,24,1,perstep,0.982709,0.491938,0.1141,0.2282,0.818826,0.086006,0.904832,0.800991
gefcom_load,raw,rlinear_q,24,2,none,0.991746,0.501089,0.114376,0.228752,0.819845,0.079534,0.899379,0.813972
gefcom_load,raw,rlinear_q,24,2,pooled,0.964966,0.488068,0.114135,0.22827,0.807077,0.091813,0.89889,0.800133
gefcom_load,raw,rlinear_q,24,2,perstep,0.97385,0.491595,0.113984,0.227968,0.809595,0.090646,0.90024,0.801084
gefcom_load,raw,rlinear_q,24,3,none,1.069777,0.530723,0.115657,0.231314,0.843835,0.066866,0.910701,0.826803
gefcom_load,raw,rlinear_q,24,3,pooled,1.02193,0.508733,0.115405,0.23081,0.820351,0.081346,0.901694,0.800653
gefcom_load,raw,rlinear_q,24,3,perstep,1.014492,0.504011,0.115184,0.230369,0.82175,0.08095,0.9027,0.801204
gefcom_load,raw,rlinear_q,24,4,none,1.040753,0.50777,0.115474,0.230948,0.836265,0.069359,0.905624,0.825122
gefcom_load,raw,rlinear_q,24,4,pooled,0.99414,0.487612,0.115305,0.23061,0.814982,0.085359,0.90034,0.801066
gefcom_load,raw,rlinear_q,24,4,perstep,0.993698,0.486593,0.115067,0.230133,0.817083,0.084043,0.901126,0.802058
gefcom_load,revin,rlinear_q,24,0,none,1.018059,0.52018,0.116008,0.232016,0.794563,0.101533,0.896097,0.774093
gefcom_load,revin,rlinear_q,24,0,pooled,1.064608,0.544817,0.116068,0.232136,0.818681,0.091741,0.910422,0.799999
gefcom_load,revin,rlinear_q,24,0,perstep,1.071559,0.547785,0.116014,0.232028,0.81835,0.091472,0.909823,0.80004
gefcom_load,revin,rlinear_q,24,1,none,1.04863,0.537524,0.11706,0.234119,0.811847,0.094176,0.906024,0.788653
gefcom_load,revin,rlinear_q,24,1,pooled,1.07215,0.547959,0.117156,0.234313,0.822756,0.089344,0.912099,0.800002
gefcom_load,revin,rlinear_q,24,1,perstep,1.077329,0.550016,0.117129,0.234257,0.822294,0.089571,0.911865,0.800288
gefcom_load,revin,rlinear_q,24,2,none,1.04513,0.537294,0.116055,0.232109,0.805923,0.095489,0.901412,0.786445
gefcom_load,revin,rlinear_q,24,2,pooled,1.071406,0.547554,0.116111,0.232221,0.819084,0.091528,0.910611,0.799999
gefcom_load,revin,rlinear_q,24,2,perstep,1.080696,0.550669,0.116088,0.232175,0.819359,0.091317,0.910677,0.80015
gefcom_load,revin,rlinear_q,24,3,none,1.050578,0.534946,0.117108,0.234216,0.811437,0.08871,0.900147,0.791522
gefcom_load,revin,rlinear_q,24,3,pooled,1.067361,0.54558,0.117144,0.234288,0.81887,0.089199,0.908069,0.800026
gefcom_load,revin,rlinear_q,24,3,perstep,1.073782,0.543488,0.117062,0.234125,0.818901,0.088951,0.907852,0.800708
gefcom_load,revin,rlinear_q,24,4,none,1.052739,0.535655,0.115466,0.230932,0.802847,0.100696,0.90354,0.781175
gefcom_load,revin,rlinear_q,24,4,pooled,1.086413,0.550329,0.115538,0.231077,0.821106,0.090842,0.911948,0.800081
gefcom_load,revin,rlinear_q,24,4,perstep,1.08947,0.553556,0.115488,0.230977,0.820283,0.091128,0.911411,0.800119
gefcom_load,condnorm,rlinear_q,24,0,none,0.366512,0.183874,0.074407,0.148813,0.6369,0.150275,0.787175,0.653375
gefcom_load,condnorm,rlinear_q,24,0,pooled,0.532495,0.288619,0.073039,0.146078,0.786721,0.108402,0.895122,0.799999
gefcom_load,condnorm,rlinear_q,24,0,perstep,0.53186,0.286712,0.072625,0.145251,0.786218,0.10927,0.895487,0.800112
gefcom_load,condnorm,rlinear_q,24,1,none,0.39828,0.214859,0.073935,0.147869,0.668623,0.137169,0.805792,0.682263
gefcom_load,condnorm,rlinear_q,24,1,pooled,0.534938,0.288547,0.07245,0.144901,0.788291,0.10795,0.896241,0.799999
gefcom_load,condnorm,rlinear_q,24,1,perstep,0.535456,0.287473,0.072098,0.144195,0.786555,0.108632,0.895188,0.799992
gefcom_load,condnorm,rlinear_q,24,2,none,0.466091,0.233828,0.073329,0.146658,0.731972,0.112731,0.844703,0.747193
gefcom_load,condnorm,rlinear_q,24,2,pooled,0.536072,0.288493,0.072841,0.145682,0.787682,0.109101,0.896782,0.799999
gefcom_load,condnorm,rlinear_q,24,2,perstep,0.536336,0.288466,0.072423,0.144845,0.786149,0.109735,0.895883,0.800343
gefcom_load,condnorm,rlinear_q,24,3,none,0.416369,0.193896,0.073186,0.146373,0.686754,0.123064,0.809819,0.70213
gefcom_load,condnorm,rlinear_q,24,3,pooled,0.533146,0.287541,0.072149,0.144299,0.788925,0.109645,0.89857,0.799999
gefcom_load,condnorm,rlinear_q,24,3,perstep,0.534089,0.288143,0.071811,0.143622,0.788632,0.109559,0.898191,0.800374
gefcom_load,condnorm,rlinear_q,24,4,none,0.426691,0.229012,0.073608,0.147216,0.695686,0.133573,0.829259,0.710162
gefcom_load,condnorm,rlinear_q,24,4,pooled,0.536439,0.284145,0.072701,0.145402,0.787626,0.106476,0.894103,0.799999
gefcom_load,condnorm,rlinear_q,24,4,perstep,0.536716,0.284886,0.07215,0.1443,0.786042,0.107864,0.893906,0.800112
gefcom_solar,raw,rlinear_q,24,0,none,0.818776,0.310262,0.088492,0.176983,0.893824,0.054728,0.948551,0.898958
gefcom_solar,raw,rlinear_q,24,0,pooled,0.688434,0.246563,0.086746,0.173493,0.804705,0.112789,0.917495,0.814189
gefcom_solar,raw,rlinear_q,24,0,perstep,0.675448,0.247793,0.085717,0.171435,0.819025,0.102455,0.92148,0.82937
gefcom_solar,raw,rlinear_q,24,1,none,0.842742,0.329496,0.087702,0.175405,0.896109,0.050587,0.946697,0.898527
gefcom_solar,raw,rlinear_q,24,1,pooled,0.71994,0.281258,0.085586,0.171172,0.816883,0.100501,0.917384,0.821377
gefcom_solar,raw,rlinear_q,24,1,perstep,0.70824,0.282331,0.084688,0.169377,0.834073,0.090366,0.924439,0.837937
gefcom_solar,raw,rlinear_q,24,2,none,0.731379,0.294385,0.091149,0.182298,0.855436,0.083974,0.93941,0.875541
gefcom_solar,raw,rlinear_q,24,2,pooled,0.605457,0.232554,0.089792,0.179585,0.78014,0.13222,0.912361,0.806737
gefcom_solar,raw,rlinear_q,24,2,perstep,0.597193,0.227023,0.089034,0.178068,0.786743,0.129626,0.916369,0.813703
gefcom_solar,raw,rlinear_q,24,3,none,0.839455,0.318384,0.088142,0.176284,0.899753,0.049307,0.949059,0.904997
gefcom_solar,raw,rlinear_q,24,3,pooled,0.702352,0.250987,0.086282,0.172565,0.803557,0.114766,0.918323,0.818098
gefcom_solar,raw,rlinear_q,24,3,perstep,0.68439,0.242278,0.085319,0.170637,0.818053,0.107744,0.925797,0.831975
gefcom_solar,raw,rlinear_q,24,4,none,0.833569,0.318851,0.087221,0.174443,0.900835,0.048942,0.949777,0.903838
gefcom_solar,raw,rlinear_q,24,4,pooled,0.695251,0.256122,0.085391,0.170783,0.8143,0.101903,0.916203,0.826709
gefcom_solar,raw,rlinear_q,24,4,perstep,0.682878,0.24951,0.084567,0.169134,0.826566,0.097178,0.923744,0.836833
gefcom_solar,revin,rlinear_q,24,0,none,0.811492,0.315836,0.087635,0.175269,0.878908,0.059994,0.938902,0.885853
gefcom_solar,revin,rlinear_q,24,0,pooled,0.695075,0.259767,0.08647,0.17294,0.795807,0.116631,0.912438,0.809652
gefcom_solar,revin,rlinear_q,24,0,perstep,0.672957,0.255078,0.085111,0.170222,0.819124,0.102753,0.921878,0.833698
gefcom_solar,revin,rlinear_q,24,1,none,0.820749,0.31416,0.088498,0.176995,0.891528,0.055346,0.946873,0.900526
gefcom_solar,revin,rlinear_q,24,1,pooled,0.667246,0.23333,0.086591,0.173182,0.801117,0.115693,0.91681,0.820427
gefcom_solar,revin,rlinear_q,24,1,perstep,0.64576,0.225639,0.085469,0.170939,0.812412,0.108936,0.921348,0.833278
gefcom_solar,revin,rlinear_q,24,2,none,0.861737,0.329833,0.08779,0.17558,0.907315,0.046966,0.954281,0.911588
gefcom_solar,revin,rlinear_q,24,2,pooled,0.717724,0.263392,0.085964,0.171927,0.815978,0.103747,0.919725,0.82842
gefcom_solar,revin,rlinear_q,24,2,perstep,0.704038,0.258108,0.084725,0.169449,0.835078,0.092872,0.92795,0.846935
gefcom_solar,revin,rlinear_q,24,3,none,0.809109,0.324566,0.087829,0.175657,0.883247,0.064278,0.947525,0.889739
gefcom_solar,revin,rlinear_q,24,3,pooled,0.699632,0.271004,0.086744,0.173488,0.79573,0.117901,0.913631,0.809618
gefcom_solar,revin,rlinear_q,24,3,perstep,0.676046,0.262263,0.085137,0.170275,0.820339,0.102742,0.923081,0.833057
gefcom_solar,revin,rlinear_q,24,4,none,0.801254,0.310184,0.087499,0.174998,0.880763,0.058768,0.939531,0.887332
gefcom_solar,revin,rlinear_q,24,4,pooled,0.687746,0.256669,0.086205,0.172411,0.796204,0.117603,0.913807,0.813626
gefcom_solar,revin,rlinear_q,24,4,perstep,0.664982,0.239966,0.084789,0.169578,0.815437,0.110228,0.925665,0.832119
gefcom_solar,condnorm,rlinear_q,24,0,none,0.231454,0.12051,0.057353,0.114706,0.674583,0.15832,0.832903,0.655218
gefcom_solar,condnorm,rlinear_q,24,0,pooled,0.443302,0.242157,0.056861,0.113721,0.820306,0.093634,0.91394,0.799991
gefcom_solar,condnorm,rlinear_q,24,0,perstep,0.442875,0.241897,0.05686,0.113719,0.820096,0.093535,0.913631,0.799682
gefcom_solar,condnorm,rlinear_q,24,1,none,0.19333,0.100389,0.057505,0.11501,0.643747,0.174307,0.818053,0.625132
gefcom_solar,condnorm,rlinear_q,24,1,pooled,0.435862,0.237319,0.056791,0.113583,0.819467,0.093027,0.912493,0.799991
gefcom_solar,condnorm,rlinear_q,24,1,perstep,0.436328,0.237845,0.05679,0.11358,0.819301,0.093237,0.912538,0.799682
gefcom_solar,condnorm,rlinear_q,24,2,none,0.159907,0.081857,0.057682,0.115364,0.615218,0.188317,0.803535,0.598404
gefcom_solar,condnorm,rlinear_q,24,2,pooled,0.428065,0.232201,0.056745,0.11349,0.818948,0.093435,0.912383,0.799991
gefcom_solar,condnorm,rlinear_q,24,2,perstep,0.426931,0.231781,0.056743,0.113486,0.818429,0.093733,0.912162,0.799682
gefcom_solar,condnorm,rlinear_q,24,3,none,0.179032,0.091511,0.057395,0.11479,0.634517,0.17859,0.813107,0.615218
gefcom_solar,condnorm,rlinear_q,24,3,pooled,0.431495,0.234413,0.056624,0.113247,0.820019,0.092795,0.912814,0.799991
gefcom_solar,condnorm,rlinear_q,24,3,perstep,0.431198,0.234098,0.056622,0.113244,0.820129,0.092718,0.912847,0.799682
gefcom_solar,condnorm,rlinear_q,24,4,none,0.194469,0.101728,0.0574,0.1148,0.6493,0.171734,0.821034,0.629758
gefcom_solar,condnorm,rlinear_q,24,4,pooled,0.434626,0.237039,0.056727,0.113454,0.820085,0.092894,0.912979,0.799991
gefcom_solar,condnorm,rlinear_q,24,4,perstep,0.4353,0.237473,0.056725,0.11345,0.820239,0.092839,0.913079,0.799682
