dataset,arm,backbone,h,seed,pinball,crps,cov80,cov_lo,cov_hi
jeju_wind,raw,rlinear_q,24,0,0.205013,0.410025,0.817793,0.091376,0.909169
jeju_wind,raw,rlinear_q,24,1,0.204501,0.409002,0.81854,0.089661,0.9082
jeju_wind,raw,rlinear_q,24,2,0.204747,0.409493,0.829297,0.078752,0.908049
jeju_wind,raw,rlinear_q,24,3,0.204931,0.409862,0.812041,0.099419,0.91146
jeju_wind,raw,rlinear_q,24,4,0.203688,0.407376,0.802131,0.105665,0.907796
jeju_wind,revin,rlinear_q,24,0,0.208409,0.416819,0.801657,0.081588,0.883245
jeju_wind,revin,rlinear_q,24,1,0.208633,0.417266,0.781757,0.097189,0.878946
jeju_wind,revin,rlinear_q,24,2,0.208463,0.416926,0.792696,0.086542,0.879238
jeju_wind,revin,rlinear_q,24,3,0.208992,0.417984,0.777196,0.104596,0.881791
jeju_wind,revin,rlinear_q,24,4,0.208625,0.417251,0.774512,0.102416,0.876927
jeju_wind,san,rlinear_q,24,0,0.216985,0.433971,0.749445,0.129339,0.878784
jeju_wind,san,rlinear_q,24,1,0.217648,0.435296,0.727436,0.145515,0.872951
jeju_wind,san,rlinear_q,24,2,0.21722,0.434439,0.749808,0.127926,0.877735
jeju_wind,san,rlinear_q,24,3,0.217256,0.434513,0.741977,0.134556,0.876534
jeju_wind,san,rlinear_q,24,4,0.218883,0.437765,0.737023,0.139794,0.876806
jeju_wind,fan,rlinear_q,24,0,0.246791,0.493582,0.392286,0.313777,0.706063
jeju_wind,fan,rlinear_q,24,1,0.248064,0.496127,0.503784,0.287418,0.791202
jeju_wind,fan,rlinear_q,24,2,0.245988,0.491975,0.369409,0.338611,0.708021
jeju_wind,fan,rlinear_q,24,3,0.252285,0.50457,0.457758,0.346089,0.803847
jeju_wind,fan,rlinear_q,24,4,0.255125,0.510249,0.334746,0.404154,0.7389
jeju_wind,condnorm,rlinear_q,24,0,0.163078,0.326157,0.572213,0.210584,0.782796
jeju_wind,condnorm,rlinear_q,24,1,0.164448,0.328896,0.577793,0.210029,0.787822
jeju_wind,condnorm,rlinear_q,24,2,0.166086,0.332173,0.568701,0.210574,0.779275
jeju_wind,condnorm,rlinear_q,24,3,0.164757,0.329514,0.548852,0.222966,0.771817
jeju_wind,condnorm,rlinear_q,24,4,0.166089,0.332177,0.549215,0.221876,0.771091
jeju_wind,raw,rlinear_q,48,0,0.24164,0.48328,0.768814,0.108553,0.877367
jeju_wind,raw,rlinear_q,48,1,0.2432,0.486399,0.754634,0.122312,0.876946
jeju_wind,raw,rlinear_q,48,2,0.243777,0.487555,0.751531,0.116327,0.867857
jeju_wind,raw,rlinear_q,48,3,0.237066,0.474133,0.793155,0.103609,0.896764
jeju_wind,raw,rlinear_q,48,4,0.245663,0.491325,0.779391,0.094836,0.874222
jeju_wind,revin,rlinear_q,48,0,0.246007,0.492014,0.808203,0.084212,0.892415
jeju_wind,revin,rlinear_q,48,1,0.248502,0.497003,0.811338,0.082003,0.89334
jeju_wind,revin,rlinear_q,48,2,0.247686,0.495372,0.805568,0.082692,0.888259
jeju_wind,revin,rlinear_q,48,3,0.242919,0.485838,0.805689,0.084117,0.889806
jeju_wind,revin,rlinear_q,48,4,0.249198,0.498396,0.80105,0.087772,0.888822
jeju_wind,san,rlinear_q,48,0,0.255611,0.511222,0.707381,0.158662,0.866043
jeju_wind,san,rlinear_q,48,1,0.25864,0.517281,0.7115,0.154291,0.86579
jeju_wind,san,rlinear_q,48,2,0.255812,0.511625,0.712047,0.154775,0.866821
jeju_wind,san,rlinear_q,48,3,0.253809,0.507617,0.705646,0.158141,0.863787
jeju_wind,san,rlinear_q,48,4,0.254919,0.509838,0.71404,0.151125,0.865165
jeju_wind,fan,rlinear_q,48,0,0.312293,0.624587,0.285918,0.417345,0.703263
jeju_wind,fan,rlinear_q,48,1,0.314913,0.629826,0.422021,0.301018,0.723039
jeju_wind,fan,rlinear_q,48,2,0.320056,0.640113,0.395812,0.357338,0.753151
jeju_wind,fan,rlinear_q,48,3,0.336121,0.672242,0.443522,0.301923,0.745445
jeju_wind,fan,rlinear_q,48,4,0.309051,0.618102,0.277697,0.424772,0.702469
jeju_wind,condnorm,rlinear_q,48,0,0.165047,0.330094,0.586331,0.209696,0.796027
jeju_wind,condnorm,rlinear_q,48,1,0.165792,0.331585,0.58306,0.220083,0.803143
jeju_wind,condnorm,rlinear_q,48,2,0.164259,0.328519,0.588735,0.213714,0.802449
jeju_wind,condnorm,rlinear_q,48,3,0.164893,0.329787,0.589934,0.210442,0.800377
jeju_wind,condnorm,rlinear_q,48,4,0.164233,0.328466,0.595236,0.209785,0.805021
gefcom_wind,raw,rlinear_q,24,0,0.272644,0.545289,0.762661,0.088424,0.851085
gefcom_wind,raw,rlinear_q,24,1,0.26765,0.5353,0.759847,0.098339,0.858186
gefcom_wind,raw,rlinear_q,24,2,0.280069,0.560137,0.763264,0.086817,0.85008
gefcom_wind,raw,rlinear_q,24,3,0.281206,0.562412,0.708266,0.111267,0.819534
gefcom_wind,raw,rlinear_q,24,4,0.281997,0.563993,0.703577,0.115622,0.819199
gefcom_wind,revin,rlinear_q,24,0,0.275336,0.550672,0.76802,0.141144,0.909164
gefcom_wind,revin,rlinear_q,24,1,0.277835,0.555669,0.75824,0.135785,0.894025
gefcom_wind,revin,rlinear_q,24,2,0.27009,0.540181,0.775255,0.13123,0.906484
gefcom_wind,revin,rlinear_q,24,3,0.281857,0.563714,0.74645,0.143556,0.890005
gefcom_wind,revin,rlinear_q,24,4,0.28054,0.561079,0.72642,0.157623,0.884043
gefcom_wind,san,rlinear_q,24,0,0.281812,0.563625,0.579247,0.223473,0.80272
gefcom_wind,san,rlinear_q,24,1,0.28641,0.57282,0.594319,0.212018,0.806337
gefcom_wind,san,rlinear_q,24,2,0.287285,0.574569,0.574491,0.224611,0.799102
gefcom_wind,san,rlinear_q,24,3,0.287015,0.574031,0.571008,0.232382,0.80339
gefcom_wind,san,rlinear_q,24,4,0.285171,0.570342,0.606444,0.198821,0.805265
gefcom_wind,fan,rlinear_q,24,0,0.360911,0.721822,0.209673,0.350147,0.55982
gefcom_wind,fan,rlinear_q,24,1,0.365809,0.731617,0.218583,0.411643,0.630225
gefcom_wind,fan,rlinear_q,24,2,0.368751,0.737503,0.211817,0.371115,0.582931
gefcom_wind,fan,rlinear_q,24,3,0.370481,0.740962,0.207061,0.344252,0.551313
gefcom_wind,fan,rlinear_q,24,4,0.35986,0.71972,0.227224,0.346329,0.573553
gefcom_wind,condnorm,rlinear_q,24,0,0.134831,0.269662,0.471932,0.24444,0.716372
gefcom_wind,condnorm,rlinear_q,24,1,0.134494,0.268988,0.462621,0.249129,0.71175
gefcom_wind,condnorm,rlinear_q,24,2,0.134249,0.268498,0.462152,0.250335,0.712487
gefcom_wind,condnorm,rlinear_q,24,3,0.134225,0.26845,0.476621,0.235798,0.71242
gefcom_wind,condnorm,rlinear_q,24,4,0.134343,0.268686,0.470927,0.245445,0.716372
gefcom_wind,raw,rlinear_q,96,0,0.325418,0.650836,0.771313,0.072568,0.843881
gefcom_wind,raw,rlinear_q,96,1,0.331364,0.662728,0.765429,0.079629,0.845058
gefcom_wind,raw,rlinear_q,96,2,0.317955,0.63591,0.768502,0.08281,0.851312
gefcom_wind,raw,rlinear_q,96,3,0.326909,0.653819,0.78441,0.068493,0.852903
gefcom_wind,raw,rlinear_q,96,4,0.324809,0.649617,0.758564,0.073265,0.83183
gefcom_wind,revin,rlinear_q,96,0,0.315822,0.631645,0.792364,0.132584,0.924948
gefcom_wind,revin,rlinear_q,96,1,0.31962,0.639241,0.786415,0.136593,0.923008
gefcom_wind,revin,rlinear_q,96,2,0.323233,0.646467,0.773274,0.142368,0.915642
gefcom_wind,revin,rlinear_q,96,3,0.317458,0.634917,0.778984,0.141083,0.920066
gefcom_wind,revin,rlinear_q,96,4,0.32153,0.64306,0.782165,0.138664,0.920829
gefcom_wind,san,rlinear_q,96,0,0.322436,0.644871,0.565202,0.220886,0.786088
gefcom_wind,san,rlinear_q,96,1,0.322242,0.644485,0.558468,0.225898,0.784366
gefcom_wind,san,rlinear_q,96,2,0.327873,0.655747,0.553434,0.230736,0.78417
gefcom_wind,san,rlinear_q,96,3,0.323708,0.647417,0.569997,0.221169,0.791165
gefcom_wind,san,rlinear_q,96,4,0.321213,0.642426,0.562565,0.224786,0.787352
gefcom_wind,fan,rlinear_q,96,0,0.437244,0.874488,0.181311,0.413136,0.594447
gefcom_wind,fan,rlinear_q,96,1,0.454012,0.908024,0.191096,0.424861,0.615956
gefcom_wind,fan,rlinear_q,96,2,0.451105,0.90221,0.176037,0.418432,0.594469
gefcom_wind,fan,rlinear_q,96,3,0.416588,0.833176,0.187827,0.410412,0.598239
gefcom_wind,fan,rlinear_q,96,4,0.435844,0.871688,0.191924,0.407427,0.599351
gefcom_wind,condnorm,rlinear_q,96,0,0.134477,0.268954,0.480017,0.268611,0.748627
gefcom_wind,condnorm,rlinear_q,96,1,0.133634,0.267269,0.490564,0.263969,0.754533
gefcom_wind,condnorm,rlinear_q,96,2,0.132893,0.265787,0.489888,0.266911,0.756799
gefcom_wind,condnorm,rlinear_q,96,3,0.133392,0.266783,0.480649,0.269526,0.750174
gefcom_wind,condnorm,rlinear_q,96,4,0.133294,0.266588,0.490934,0.265974,0.756908
gefcom_wind,raw,rlinear_q,336,0,0.35964,0.71928,0.754939,0.070067,0.825006
gefcom_wind,raw,rlinear_q,336,1,0.356048,0.712096,0.760385,0.074341,0.834726
gefcom_wind,raw,rlinear_q,336,2,0.358057,0.716113,0.771087,0.065191,0.836278
gefcom_wind,raw,rlinear_q,336,3,0.365924,0.731848,0.764089,0.052717,0.816806
gefcom_wind,raw,rlinear_q,336,4,0.354866,0.709733,0.785778,0.064843,0.850621
gefcom_wind,revin,rlinear_q,336,0,0.344192,0.688384,0.835075,0.136113,0.971188
gefcom_wind,revin,rlinear_q,336,1,0.34452,0.689039,0.849354,0.125063,0.974417
gefcom_wind,revin,rlinear_q,336,2,0.345561,0.691122,0.83156,0.136651,0.968212
gefcom_wind,revin,rlinear_q,336,3,0.338558,0.677115,0.840932,0.129686,0.970618
gefcom_wind,revin,rlinear_q,336,4,0.341666,0.683332,0.839602,0.131807,0.97141
gefcom_wind,san,rlinear_q,336,0,0.352399,0.704798,0.553761,0.239108,0.79287
gefcom_wind,san,rlinear_q,336,1,0.351128,0.702257,0.548886,0.24161,0.790495
gefcom_wind,san,rlinear_q,336,2,0.344298,0.688596,0.577824,0.228153,0.805978
gefcom_wind,san,rlinear_q,336,3,0.355599,0.711197,0.561613,0.22828,0.789894
gefcom_wind,san,rlinear_q,336,4,0.350943,0.701885,0.58232,0.21932,0.80164
gefcom_wind,fan,rlinear_q,336,0,0.506536,1.013071,0.174139,0.293535,0.467674
gefcom_wind,fan,rlinear_q,336,1,0.448487,0.896974,0.198803,0.325988,0.524791
gefcom_wind,fan,rlinear_q,336,2,0.494292,0.988584,0.176323,0.329787,0.506111
gefcom_wind,fan,rlinear_q,336,3,0.514141,1.028281,0.166762,0.271941,0.438703
gefcom_wind,fan,rlinear_q,336,4,0.482749,0.965499,0.175785,0.333872,0.509657
gefcom_wind,condnorm,rlinear_q,336,0,0.137041,0.274083,0.54993,0.251488,0.801418
gefcom_wind,condnorm,rlinear_q,336,1,0.136144,0.272289,0.555376,0.247752,0.803128
gefcom_wind,condnorm,rlinear_q,336,2,0.137758,0.275515,0.535809,0.257472,0.793281
gefcom_wind,condnorm,rlinear_q,336,3,0.136424,0.272847,0.559176,0.244744,0.80392
gefcom_wind,condnorm,rlinear_q,336,4,0.136152,0.272304,0.547651,0.251805,0.799455
gefcom_load,raw,rlinear_q,24,0,0.115374,0.230748,0.84584,0.072132,0.917972
gefcom_load,raw,rlinear_q,24,1,0.11447,0.22894,0.838875,0.072807,0.911683
gefcom_load,raw,rlinear_q,24,2,0.114376,0.228752,0.819845,0.079534,0.899379
gefcom_load,raw,rlinear_q,24,3,0.115657,0.231314,0.843835,0.066866,0.910701
gefcom_load,raw,rlinear_q,24,4,0.115474,0.230948,0.836265,0.069359,0.905624
gefcom_load,revin,rlinear_q,24,0,0.116008,0.232016,0.794563,0.101533,0.896097
gefcom_load,revin,rlinear_q,24,1,0.11706,0.234119,0.811847,0.094176,0.906024
gefcom_load,revin,rlinear_q,24,2,0.116055,0.232109,0.805923,0.095489,0.901412
gefcom_load,revin,rlinear_q,24,3,0.117108,0.234216,0.811437,0.08871,0.900147
gefcom_load,revin,rlinear_q,24,4,0.115466,0.230932,0.802847,0.100696,0.90354
gefcom_load,san,rlinear_q,24,0,0.120521,0.241043,0.795056,0.097448,0.892504
gefcom_load,san,rlinear_q,24,1,0.119825,0.23965,0.796392,0.100614,0.897006
gefcom_load,san,rlinear_q,24,2,0.118661,0.237321,0.795762,0.096859,0.892621
gefcom_load,san,rlinear_q,24,3,0.119749,0.239497,0.779084,0.108395,0.887479
gefcom_load,san,rlinear_q,24,4,0.119104,0.238208,0.792845,0.101747,0.894588
gefcom_load,fan,rlinear_q,24,0,0.120296,0.240593,0.778895,0.091738,0.870633
gefcom_load,fan,rlinear_q,24,1,0.120716,0.241432,0.773904,0.077888,0.851792
gefcom_load,fan,rlinear_q,24,2,0.1198,0.2396,0.7683,0.118414,0.886714
gefcom_load,fan,rlinear_q,24,3,0.11857,0.23714,0.784216,0.086633,0.87085
gefcom_load,fan,rlinear_q,24,4,0.12019,0.24038,0.760891,0.102625,0.863516
gefcom_load,condnorm,rlinear_q,24,0,0.074407,0.148813,0.6369,0.150275,0.787175
gefcom_load,condnorm,rlinear_q,24,1,0.073935,0.147869,0.668623,0.137169,0.805792
gefcom_load,condnorm,rlinear_q,24,2,0.073329,0.146658,0.731972,0.112731,0.844703
gefcom_load,condnorm,rlinear_q,24,3,0.073186,0.146373,0.686754,0.123064,0.809819
gefcom_load,condnorm,rlinear_q,24,4,0.073608,0.147216,0.695686,0.133573,0.829259
gefcom_load,raw,rlinear_q,96,0,0.167878,0.335755,0.835358,0.072033,0.907391
gefcom_load,raw,rlinear_q,96,1,0.166931,0.333862,0.833604,0.073253,0.906857
gefcom_load,raw,rlinear_q,96,2,0.168509,0.337019,0.840374,0.071095,0.911469
gefcom_load,raw,rlinear_q,96,3,0.16813,0.336261,0.817543,0.079197,0.89674
gefcom_load,raw,rlinear_q,96,4,0.167405,0.33481,0.833405,0.069661,0.903067
gefcom_load,revin,rlinear_q,96,0,0.171333,0.342667,0.798281,0.100602,0.898883
gefcom_load,revin,rlinear_q,96,1,0.170478,0.340956,0.79923,0.10625,0.90548
gefcom_load,revin,rlinear_q,96,2,0.170891,0.341782,0.808003,0.099621,0.907625
gefcom_load,revin,rlinear_q,96,3,0.171098,0.342197,0.796554,0.100969,0.897523
gefcom_load,revin,rlinear_q,96,4,0.170517,0.341034,0.806316,0.097497,0.903812
gefcom_load,san,rlinear_q,96,0,0.171598,0.343195,0.790837,0.10368,0.894517
gefcom_load,san,rlinear_q,96,1,0.172156,0.344313,0.757078,0.123401,0.880479
gefcom_load,san,rlinear_q,96,2,0.172028,0.344055,0.798272,0.099875,0.898147
gefcom_load,san,rlinear_q,96,3,0.17209,0.34418,0.777357,0.110288,0.887645
gefcom_load,san,rlinear_q,96,4,0.172053,0.344106,0.792513,0.103637,0.89615
gefcom_load,fan,rlinear_q,96,0,0.183299,0.366598,0.754012,0.110962,0.864973
gefcom_load,fan,rlinear_q,96,1,0.1779,0.3558,0.76615,0.107196,0.873346
gefcom_load,fan,rlinear_q,96,2,0.176109,0.352217,0.761114,0.104732,0.865846
gefcom_load,fan,rlinear_q,96,3,0.1763,0.3526,0.757678,0.096944,0.854621
gefcom_load,fan,rlinear_q,96,4,0.175777,0.351553,0.771784,0.105502,0.877285
gefcom_load,condnorm,rlinear_q,96,0,0.087068,0.174136,0.644906,0.142086,0.786992
gefcom_load,condnorm,rlinear_q,96,1,0.087229,0.174459,0.655185,0.130815,0.786
gefcom_load,condnorm,rlinear_q,96,2,0.087718,0.175436,0.654479,0.149835,0.804313
gefcom_load,condnorm,rlinear_q,96,3,0.087543,0.175085,0.659638,0.139405,0.799042
gefcom_load,condnorm,rlinear_q,96,4,0.087008,0.174016,0.675483,0.131711,0.807193
gefcom_load,raw,rlinear_q,336,0,0.202662,0.405323,0.829019,0.074113,0.903133
gefcom_load,raw,rlinear_q,336,1,0.203305,0.406611,0.832465,0.073171,0.905635
gefcom_load,raw,rlinear_q,336,2,0.202225,0.40445,0.818341,0.073038,0.891379
gefcom_load,raw,rlinear_q,336,3,0.203507,0.407013,0.833552,0.074587,0.908139
gefcom_load,raw,rlinear_q,336,4,0.202488,0.404976,0.821093,0.075682,0.896776
gefcom_load,revin,rlinear_q,336,0,0.209168,0.418337,0.79965,0.094333,0.893982
jeju_wind,raw,lgbm_q,24,0,0.166815,0.33363,0.691939,0.192074,0.884013
gefcom_load,revin,rlinear_q,336,1,0.207687,0.415374,0.805125,0.088767,0.893892
gefcom_load,revin,rlinear_q,336,2,0.208813,0.417627,0.7864,0.103484,0.889883
gefcom_load,revin,rlinear_q,336,3,0.208744,0.417488,0.791296,0.09987,0.891167
gefcom_load,revin,rlinear_q,336,4,0.208863,0.417726,0.798322,0.096299,0.89462
gefcom_load,san,rlinear_q,336,0,0.208132,0.416264,0.76259,0.117703,0.880293
gefcom_load,san,rlinear_q,336,1,0.20812,0.41624,0.789781,0.10451,0.894291
gefcom_load,san,rlinear_q,336,2,0.208717,0.417433,0.785642,0.106869,0.89251
gefcom_load,san,rlinear_q,336,3,0.208612,0.417224,0.729558,0.136735,0.866294
gefcom_load,san,rlinear_q,336,4,0.20872,0.417441,0.786247,0.106025,0.892273
gefcom_load,fan,rlinear_q,336,0,0.224073,0.448146,0.69742,0.127109,0.824528
gefcom_load,fan,rlinear_q,336,1,0.223356,0.446713,0.698943,0.118358,0.817301
gefcom_load,fan,rlinear_q,336,2,0.221712,0.443424,0.719787,0.113984,0.833771
gefcom_load,fan,rlinear_q,336,3,0.218893,0.437787,0.728633,0.105604,0.834238
gefcom_load,fan,rlinear_q,336,4,0.218548,0.437096,0.710588,0.121335,0.831923
gefcom_load,condnorm,rlinear_q,336,0,0.094976,0.189953,0.648348,0.160965,0.809313
gefcom_load,condnorm,rlinear_q,336,1,0.094845,0.189689,0.652058,0.149702,0.801759
gefcom_load,condnorm,rlinear_q,336,2,0.094631,0.189261,0.66001,0.145137,0.805147
gefcom_load,condnorm,rlinear_q,336,3,0.094547,0.189093,0.626951,0.158181,0.785131
gefcom_load,condnorm,rlinear_q,336,4,0.094549,0.189097,0.653305,0.148972,0.802277
gefcom_solar,raw,rlinear_q,24,0,0.088492,0.176983,0.893824,0.054728,0.948551
gefcom_solar,raw,rlinear_q,24,1,0.087702,0.175405,0.896109,0.050587,0.946697
gefcom_solar,raw,rlinear_q,24,2,0.091149,0.182298,0.855436,0.083974,0.93941
gefcom_solar,raw,rlinear_q,24,3,0.088142,0.176284,0.899753,0.049307,0.949059
gefcom_solar,raw,rlinear_q,24,4,0.087221,0.174443,0.900835,0.048942,0.949777
gefcom_solar,revin,rlinear_q,24,0,0.087635,0.175269,0.878908,0.059994,0.938902
gefcom_solar,revin,rlinear_q,24,1,0.088498,0.176995,0.891528,0.055346,0.946873
gefcom_solar,revin,rlinear_q,24,2,0.08779,0.17558,0.907315,0.046966,0.954281
gefcom_solar,revin,rlinear_q,24,3,0.087829,0.175657,0.883247,0.064278,0.947525
gefcom_solar,revin,rlinear_q,24,4,0.087499,0.174998,0.880763,0.058768,0.939531
gefcom_solar,san,rlinear_q,24,0,0.092994,0.185989,0.834901,0.071399,0.9063
gefcom_solar,san,rlinear_q,24,1,0.092813,0.185625,0.846725,0.077901,0.924627
gefcom_solar,san,rlinear_q,24,2,0.092515,0.185029,0.865991,0.063196,0.929187
gefcom_solar,san,rlinear_q,24,3,0.092582,0.185164,0.850656,0.07194,0.922595
gefcom_solar,san,rlinear_q,24,4,0.092458,0.184915,0.849982,0.065459,0.915441
gefcom_solar,fan,rlinear_q,24,0,0.104533,0.209067,0.771286,0.149775,0.921061
gefcom_solar,fan,rlinear_q,24,1,0.103269,0.206538,0.764971,0.116157,0.881127
gefcom_solar,fan,rlinear_q,24,2,0.105743,0.211486,0.74342,0.152734,0.896154
gefcom_solar,fan,rlinear_q,24,3,0.101219,0.202438,0.79096,0.130752,0.921712
gefcom_solar,fan,rlinear_q,24,4,0.10026,0.200519,0.784612,0.121787,0.906399
gefcom_solar,condnorm,rlinear_q,24,0,0.057353,0.114706,0.674583,0.15832,0.832903
gefcom_solar,condnorm,rlinear_q,24,1,0.057505,0.11501,0.643747,0.174307,0.818053
gefcom_solar,condnorm,rlinear_q,24,2,0.057682,0.115364,0.615218,0.188317,0.803535
gefcom_solar,condnorm,rlinear_q,24,3,0.057395,0.11479,0.634517,0.17859,0.813107
gefcom_solar,condnorm,rlinear_q,24,4,0.0574,0.1148,0.6493,0.171734,0.821034
gefcom_solar,raw,rlinear_q,96,0,0.091876,0.183752,0.886728,0.063147,0.949875
gefcom_solar,raw,rlinear_q,96,1,0.09243,0.18486,0.888492,0.060964,0.949456
gefcom_solar,raw,rlinear_q,96,2,0.092391,0.184781,0.893273,0.058468,0.951741
gefcom_solar,raw,rlinear_q,96,3,0.092317,0.184635,0.892524,0.054529,0.947053
gefcom_solar,raw,rlinear_q,96,4,0.092299,0.184597,0.89468,0.05427,0.948949
gefcom_solar,revin,rlinear_q,96,0,0.092402,0.184805,0.89392,0.057483,0.951403
gefcom_solar,revin,rlinear_q,96,1,0.092253,0.184505,0.884373,0.061591,0.945964
jeju_wind,winz,lgbm_q,24,0,0.17096,0.34192,0.719322,0.141008,0.86033
gefcom_solar,revin,rlinear_q,96,2,0.092236,0.184473,0.889432,0.057283,0.946715
gefcom_solar,revin,rlinear_q,96,3,0.092322,0.184644,0.887527,0.06046,0.947987
gefcom_solar,revin,rlinear_q,96,4,0.092016,0.184032,0.885718,0.061113,0.946831
gefcom_solar,san,rlinear_q,96,0,0.094606,0.189212,0.857259,0.069253,0.926512
gefcom_solar,san,rlinear_q,96,1,0.095028,0.190057,0.854727,0.074189,0.928915
gefcom_solar,san,rlinear_q,96,2,0.094497,0.188994,0.862507,0.067646,0.930153
gefcom_solar,san,rlinear_q,96,3,0.174816,0.349632,0.650901,0.219726,0.870627
gefcom_solar,san,rlinear_q,96,4,0.094773,0.189546,0.860374,0.070598,0.930972
gefcom_solar,fan,rlinear_q,96,0,0.107932,0.215864,0.788929,0.126179,0.915108
gefcom_solar,fan,rlinear_q,96,1,0.109993,0.219985,0.776922,0.136798,0.913721
gefcom_solar,fan,rlinear_q,96,2,0.110791,0.221581,0.793988,0.140141,0.934129
gefcom_solar,fan,rlinear_q,96,3,0.109039,0.218078,0.796822,0.135116,0.931937
gefcom_solar,fan,rlinear_q,96,4,0.107658,0.215316,0.786149,0.122302,0.90845
gefcom_solar,condnorm,rlinear_q,96,0,0.057558,0.115115,0.681794,0.158512,0.840306
gefcom_solar,condnorm,rlinear_q,96,1,0.057707,0.115413,0.631494,0.182441,0.813935
gefcom_solar,condnorm,rlinear_q,96,2,0.057682,0.115363,0.632977,0.182224,0.815201
gefcom_solar,condnorm,rlinear_q,96,3,0.057531,0.115062,0.668597,0.164655,0.833252
gefcom_solar,condnorm,rlinear_q,96,4,0.057585,0.11517,0.658782,0.168875,0.827658
gefcom_solar,raw,rlinear_q,336,0,0.096094,0.192188,0.882214,0.073891,0.956104
gefcom_solar,raw,rlinear_q,336,1,0.095989,0.191977,0.89153,0.064797,0.956327
gefcom_solar,raw,rlinear_q,336,2,0.095894,0.191789,0.890947,0.065803,0.95675
gefcom_solar,raw,rlinear_q,336,3,0.095944,0.191889,0.886799,0.069261,0.95606
gefcom_solar,raw,rlinear_q,336,4,0.095912,0.191824,0.887697,0.06824,0.955937
gefcom_solar,revin,rlinear_q,336,0,0.095967,0.191935,0.887388,0.067974,0.955361
gefcom_solar,revin,rlinear_q,336,1,0.096066,0.192131,0.890019,0.06669,0.956709
gefcom_solar,revin,rlinear_q,336,2,0.095787,0.191574,0.894298,0.06437,0.958668
gefcom_solar,revin,rlinear_q,336,3,0.095582,0.191163,0.885461,0.068693,0.954154
gefcom_solar,revin,rlinear_q,336,4,0.095943,0.191886,0.88934,0.066182,0.955522
gefcom_solar,san,rlinear_q,336,0,0.099433,0.198866,0.843741,0.086706,0.930446
gefcom_solar,san,rlinear_q,336,1,0.099403,0.198806,0.845844,0.082563,0.928406
gefcom_solar,san,rlinear_q,336,2,0.098979,0.197957,0.844801,0.085394,0.930194
gefcom_solar,san,rlinear_q,336,3,0.099647,0.199294,0.842028,0.085127,0.927156
gefcom_solar,san,rlinear_q,336,4,0.099139,0.198278,0.846069,0.084728,0.930797
gefcom_solar,fan,rlinear_q,336,0,0.113432,0.226864,0.738295,0.146376,0.88467
gefcom_solar,fan,rlinear_q,336,1,0.112655,0.225311,0.802245,0.141336,0.943581
gefcom_solar,fan,rlinear_q,336,2,0.11455,0.2291,0.780531,0.14251,0.923041
gefcom_solar,fan,rlinear_q,336,3,0.112464,0.224929,0.797853,0.138833,0.936686
gefcom_solar,fan,rlinear_q,336,4,0.112833,0.225666,0.795907,0.141945,0.937852
gefcom_solar,condnorm,rlinear_q,336,0,0.058099,0.116199,0.649011,0.174853,0.823864
gefcom_solar,condnorm,rlinear_q,336,1,0.058109,0.116218,0.648,0.17571,0.823709
gefcom_solar,condnorm,rlinear_q,336,2,0.058022,0.116044,0.669785,0.164647,0.834432
gefcom_solar,condnorm,rlinear_q,336,3,0.057962,0.115923,0.686946,0.156614,0.843559
gefcom_solar,condnorm,rlinear_q,336,4,0.058097,0.116194,0.647775,0.17558,0.823355
etth1,raw,rlinear_q,24,0,0.143684,0.287368,0.808959,0.084783,0.893743
etth1,raw,rlinear_q,24,1,0.144377,0.288754,0.79774,0.085227,0.882967
etth1,raw,rlinear_q,24,2,0.143781,0.287562,0.805344,0.084894,0.890238
etth1,raw,rlinear_q,24,3,0.144567,0.289134,0.801188,0.088819,0.890007
etth1,raw,rlinear_q,24,4,0.144455,0.28891,0.805536,0.082631,0.888167
etth1,revin,rlinear_q,24,0,0.143041,0.286082,0.807692,0.090605,0.898297
etth1,revin,rlinear_q,24,1,0.142015,0.284031,0.792494,0.097992,0.890486
etth1,revin,rlinear_q,24,2,0.142521,0.285041,0.798036,0.095726,0.893761
etth1,revin,rlinear_q,24,3,0.142482,0.284963,0.812853,0.088502,0.901355
etth1,revin,rlinear_q,24,4,0.142079,0.284159,0.798069,0.096059,0.894128
etth1,san,rlinear_q,24,0,0.147832,0.295663,0.727272,0.128615,0.855887
etth1,san,rlinear_q,24,1,0.148032,0.296065,0.762526,0.116683,0.879209
etth1,san,rlinear_q,24,2,0.149618,0.299235,0.769872,0.109001,0.878873
etth1,san,rlinear_q,24,3,0.146881,0.293763,0.764247,0.113572,0.877819
etth1,san,rlinear_q,24,4,0.147183,0.294366,0.676494,0.155441,0.831935
etth1,fan,rlinear_q,24,0,0.149367,0.298734,0.772272,0.109245,0.881517
etth1,fan,rlinear_q,24,1,0.147944,0.295888,0.765297,0.108445,0.873742
etth1,fan,rlinear_q,24,2,0.149318,0.298637,0.781172,0.094621,0.875794
etth1,fan,rlinear_q,24,3,0.149084,0.298168,0.740493,0.118235,0.858728
etth1,fan,rlinear_q,24,4,0.147807,0.295613,0.776326,0.102001,0.878327
etth1,condnorm,rlinear_q,24,0,0.643041,1.286083,0.060613,0.384857,0.44547
etth1,condnorm,rlinear_q,24,1,0.638977,1.277954,0.08824,0.373002,0.46124
etth1,condnorm,rlinear_q,24,2,0.636243,1.272486,0.064909,0.383478,0.448387
etth1,condnorm,rlinear_q,24,3,0.644018,1.288037,0.076289,0.377615,0.453904
etth1,condnorm,rlinear_q,24,4,0.643571,1.287143,0.07492,0.378277,0.453198
etth1,raw,rlinear_q,96,0,0.165827,0.331654,0.745321,0.118723,0.864045
etth1,raw,rlinear_q,96,1,0.164895,0.329791,0.763097,0.109201,0.872298
etth1,raw,rlinear_q,96,2,0.163777,0.327554,0.722714,0.132066,0.85478
etth1,raw,rlinear_q,96,3,0.164219,0.328437,0.78697,0.096083,0.883053
jeju_wind,condnorm,lgbm_q,24,0,0.132578,0.265156,0.639021,0.18074,0.819762
etth1,raw,rlinear_q,96,4,0.163338,0.326677,0.807743,0.088055,0.895798
etth1,revin,rlinear_q,96,0,0.160272,0.320545,0.819873,0.092608,0.91248
etth1,revin,rlinear_q,96,1,0.160553,0.321105,0.813152,0.094288,0.907439
etth1,revin,rlinear_q,96,2,0.16072,0.321439,0.814694,0.093445,0.908139
etth1,revin,rlinear_q,96,3,0.161345,0.32269,0.807368,0.098019,0.905387
etth1,revin,rlinear_q,96,4,0.161091,0.322181,0.813556,0.094985,0.908541
etth1,san,rlinear_q,96,0,0.16905,0.338101,0.736016,0.132077,0.868092
etth1,san,rlinear_q,96,1,0.167674,0.335349,0.740855,0.130746,0.871601
etth1,san,rlinear_q,96,2,0.16735,0.334701,0.721036,0.139162,0.860198
etth1,san,rlinear_q,96,3,0.168604,0.337208,0.733674,0.134217,0.86789
etth1,san,rlinear_q,96,4,0.168623,0.337245,0.715146,0.139485,0.854631
etth1,fan,rlinear_q,96,0,0.193896,0.387791,0.645202,0.153937,0.799139
etth1,fan,rlinear_q,96,1,0.183664,0.367327,0.711352,0.103336,0.814688
etth1,fan,rlinear_q,96,2,0.182342,0.364684,0.643908,0.122711,0.76662
etth1,fan,rlinear_q,96,3,0.182444,0.364888,0.494982,0.245542,0.740524
etth1,fan,rlinear_q,96,4,0.180691,0.361382,0.68655,0.140434,0.826984
etth1,condnorm,rlinear_q,96,0,0.657494,1.314987,0.088269,0.35421,0.442479
etth1,condnorm,rlinear_q,96,1,0.654855,1.309709,0.088939,0.353037,0.441976
etth1,condnorm,rlinear_q,96,2,0.655721,1.311441,0.086196,0.353967,0.440163
etth1,condnorm,rlinear_q,96,3,0.652428,1.304856,0.096343,0.350169,0.446512
etth1,condnorm,rlinear_q,96,4,0.655281,1.310563,0.087475,0.353556,0.441032
etth1,raw,rlinear_q,336,0,0.180154,0.360309,0.807783,0.076696,0.884479
etth1,raw,rlinear_q,336,1,0.178935,0.35787,0.74274,0.11262,0.85536
etth1,raw,rlinear_q,336,2,0.179035,0.35807,0.808768,0.078183,0.88695
etth1,raw,rlinear_q,336,3,0.181447,0.362893,0.797912,0.083456,0.881368
etth1,raw,rlinear_q,336,4,0.182167,0.364334,0.807221,0.082039,0.88926
etth1,revin,rlinear_q,336,0,0.17631,0.35262,0.824183,0.091311,0.915495
etth1,revin,rlinear_q,336,1,0.175749,0.351499,0.827526,0.088157,0.915683
etth1,revin,rlinear_q,336,2,0.176538,0.353076,0.831918,0.089003,0.920922
etth1,revin,rlinear_q,336,3,0.175964,0.351929,0.832182,0.085535,0.917717
etth1,revin,rlinear_q,336,4,0.175137,0.350274,0.834109,0.08647,0.92058
etth1,san,rlinear_q,336,0,0.179954,0.359909,0.722199,0.138876,0.861074
etth1,san,rlinear_q,336,1,0.180413,0.360826,0.722548,0.137972,0.86052
etth1,san,rlinear_q,336,2,0.180435,0.360871,0.726185,0.137423,0.863608
etth1,san,rlinear_q,336,3,0.180786,0.361573,0.717746,0.139295,0.857041
etth1,san,rlinear_q,336,4,0.18071,0.361419,0.721973,0.139221,0.861194
etth1,fan,rlinear_q,336,0,0.205391,0.410783,0.525557,0.186111,0.711668
etth1,fan,rlinear_q,336,1,0.206884,0.413767,0.520223,0.195998,0.716221
etth1,fan,rlinear_q,336,2,0.200846,0.401692,0.542626,0.177188,0.719814
etth1,fan,rlinear_q,336,3,0.197648,0.395297,0.674898,0.096366,0.771265
etth1,fan,rlinear_q,336,4,0.199261,0.398522,0.555792,0.139876,0.695667
etth1,condnorm,rlinear_q,336,0,0.514879,1.029759,0.249115,0.274539,0.523654
etth1,condnorm,rlinear_q,336,1,0.515015,1.03003,0.250328,0.27282,0.523147
etth1,condnorm,rlinear_q,336,2,0.515416,1.030831,0.250433,0.27307,0.523503
etth1,condnorm,rlinear_q,336,3,0.514231,1.028461,0.242929,0.276877,0.519807
etth1,condnorm,rlinear_q,336,4,0.514942,1.029884,0.241509,0.277548,0.519057
etth2,raw,rlinear_q,24,0,0.108844,0.217687,0.816943,0.084921,0.901864
etth2,raw,rlinear_q,24,1,0.108792,0.217583,0.823947,0.092613,0.91656
etth2,raw,rlinear_q,24,2,0.108885,0.217769,0.804974,0.108093,0.913066
etth2,raw,rlinear_q,24,3,0.109073,0.218147,0.803405,0.114695,0.9181
etth2,raw,rlinear_q,24,4,0.109124,0.218248,0.841207,0.089467,0.930674
etth2,revin,rlinear_q,24,0,0.10386,0.20772,0.754538,0.126071,0.880609
etth2,revin,rlinear_q,24,1,0.103722,0.207445,0.744171,0.129127,0.873298
etth2,revin,rlinear_q,24,2,0.1036,0.207199,0.731647,0.138505,0.870152
etth2,revin,rlinear_q,24,3,0.103664,0.207328,0.738747,0.132565,0.871312
etth2,revin,rlinear_q,24,4,0.103629,0.207257,0.738331,0.132032,0.870362
etth2,san,rlinear_q,24,0,0.106164,0.212327,0.736822,0.134742,0.871564
etth2,san,rlinear_q,24,1,0.106425,0.212849,0.738268,0.135521,0.87379
etth2,san,rlinear_q,24,2,0.106857,0.213715,0.725001,0.139865,0.864866
etth2,san,rlinear_q,24,3,0.105967,0.211934,0.707717,0.149272,0.856989
etth2,san,rlinear_q,24,4,0.106744,0.213488,0.720474,0.141857,0.862331
etth2,fan,rlinear_q,24,0,0.115243,0.230486,0.700633,0.137611,0.838244
etth2,fan,rlinear_q,24,1,0.116109,0.232218,0.754188,0.13939,0.893578
etth2,fan,rlinear_q,24,2,0.117017,0.234034,0.697377,0.157593,0.854968
etth2,fan,rlinear_q,24,3,0.115692,0.231383,0.765467,0.134859,0.900326
etth2,fan,rlinear_q,24,4,0.11458,0.229159,0.763849,0.114418,0.878267
etth2,condnorm,rlinear_q,24,0,1.461952,2.923903,0.019474,0.816307,0.835781
etth2,condnorm,rlinear_q,24,1,1.453674,2.907347,0.021441,0.815891,0.837331
etth2,condnorm,rlinear_q,24,2,1.436028,2.872056,0.023278,0.814245,0.837523
etth2,condnorm,rlinear_q,24,3,1.467643,2.935286,0.021201,0.815685,0.836886
etth2,condnorm,rlinear_q,24,4,1.447351,2.894702,0.021882,0.81563,0.837513
etth2,raw,rlinear_q,96,0,0.143194,0.286388,0.767479,0.139729,0.907208
etth2,raw,rlinear_q,96,1,0.144175,0.288351,0.811045,0.116689,0.927733
etth2,raw,rlinear_q,96,2,0.14452,0.28904,0.800154,0.140128,0.940283
etth2,raw,rlinear_q,96,3,0.145129,0.290258,0.812175,0.128013,0.940187
etth2,raw,rlinear_q,96,4,0.14393,0.287859,0.81564,0.120296,0.935935
etth2,revin,rlinear_q,96,0,0.136226,0.272453,0.753493,0.125599,0.879092
etth2,revin,rlinear_q,96,1,0.136398,0.272795,0.745723,0.128094,0.873817
etth2,revin,rlinear_q,96,2,0.135981,0.271962,0.753254,0.125635,0.878889
etth2,revin,rlinear_q,96,3,0.135916,0.271832,0.759214,0.122335,0.88155
etth2,revin,rlinear_q,96,4,0.135812,0.271623,0.75939,0.122246,0.881636
etth2,san,rlinear_q,96,0,0.138962,0.277925,0.684801,0.159505,0.844305
etth2,san,rlinear_q,96,1,0.139268,0.278537,0.693961,0.15652,0.85048
etth2,san,rlinear_q,96,2,0.138785,0.277571,0.694107,0.151465,0.845572
etth2,san,rlinear_q,96,3,0.138798,0.277596,0.686338,0.159492,0.84583
etth2,san,rlinear_q,96,4,0.139592,0.279185,0.690416,0.153662,0.844079
etth2,fan,rlinear_q,96,0,0.156642,0.313284,0.734027,0.111801,0.845828
etth2,fan,rlinear_q,96,1,0.158302,0.316603,0.558696,0.221436,0.780131
etth2,fan,rlinear_q,96,2,0.15262,0.305241,0.688766,0.158237,0.847004
etth2,fan,rlinear_q,96,3,0.163559,0.327118,0.537292,0.184481,0.721773
etth2,fan,rlinear_q,96,4,0.154036,0.308072,0.733232,0.133985,0.867218
etth2,condnorm,rlinear_q,96,0,1.090677,2.181355,0.031173,0.807509,0.838682
etth2,condnorm,rlinear_q,96,1,1.089528,2.179056,0.028149,0.80892,0.837069
etth2,condnorm,rlinear_q,96,2,1.087089,2.174179,0.029964,0.808448,0.838412
etth2,condnorm,rlinear_q,96,3,1.08945,2.1789,0.026862,0.809766,0.836628
etth2,condnorm,rlinear_q,96,4,1.094801,2.189602,0.031672,0.807622,0.839294
etth2,raw,rlinear_q,336,0,0.186437,0.372873,0.6796,0.236322,0.915922
etth2,raw,rlinear_q,336,1,0.182448,0.364897,0.670031,0.22238,0.892411
etth2,raw,rlinear_q,336,2,0.184489,0.368977,0.754918,0.186264,0.941182
etth2,raw,rlinear_q,336,3,0.184472,0.368944,0.753508,0.188219,0.941727
etth2,raw,rlinear_q,336,4,0.180405,0.36081,0.772091,0.173642,0.945733
etth2,revin,rlinear_q,336,0,0.168238,0.336476,0.728446,0.137877,0.866323
etth2,revin,rlinear_q,336,1,0.167462,0.334924,0.724832,0.13912,0.863952
etth2,revin,rlinear_q,336,2,0.168317,0.336634,0.726924,0.137359,0.864283
etth2,revin,rlinear_q,336,3,0.167196,0.334393,0.720983,0.139627,0.86061
etth2,revin,rlinear_q,336,4,0.167074,0.334147,0.730274,0.137132,0.867406
etth2,san,rlinear_q,336,0,0.170843,0.341685,0.630179,0.174413,0.804592
etth2,san,rlinear_q,336,1,0.170952,0.341903,0.619996,0.180638,0.800634
etth2,san,rlinear_q,336,2,0.170257,0.340515,0.629872,0.175048,0.804921
etth2,san,rlinear_q,336,3,0.171231,0.342462,0.619922,0.179359,0.799281
etth2,san,rlinear_q,336,4,0.170495,0.340991,0.622464,0.181021,0.803485
etth2,fan,rlinear_q,336,0,0.186545,0.373089,0.639903,0.232785,0.872688
etth2,fan,rlinear_q,336,1,0.193242,0.386484,0.561341,0.301488,0.862829
etth2,fan,rlinear_q,336,2,0.187725,0.37545,0.57357,0.266431,0.840001
etth2,fan,rlinear_q,336,3,0.202499,0.404999,0.59267,0.29501,0.887679
jeju_wind,raw,lgbm_q,48,0,0.197401,0.394801,0.666262,0.210674,0.876936
etth2,fan,rlinear_q,336,4,0.19383,0.387661,0.558925,0.303848,0.862773
etth2,condnorm,rlinear_q,336,0,0.834837,1.669674,0.040254,0.791053,0.831308
etth2,condnorm,rlinear_q,336,1,0.833741,1.667483,0.045152,0.788425,0.833578
etth2,condnorm,rlinear_q,336,2,0.827177,1.654355,0.057711,0.78025,0.83796
etth2,condnorm,rlinear_q,336,3,0.836163,1.672325,0.0413,0.790371,0.831672
etth2,condnorm,rlinear_q,336,4,0.83222,1.66444,0.047009,0.787226,0.834235
weather,raw,rlinear_q,24,0,0.058775,0.11755,0.895031,0.051514,0.946546
weather,raw,rlinear_q,24,1,0.059223,0.118445,0.880829,0.066287,0.947116
weather,raw,rlinear_q,24,2,0.059314,0.118629,0.883961,0.064459,0.94842
weather,raw,rlinear_q,24,3,0.059893,0.119786,0.893632,0.054792,0.948424
weather,raw,rlinear_q,24,4,0.059258,0.118515,0.893573,0.054312,0.947885
weather,revin,rlinear_q,24,0,0.053473,0.106946,0.747645,0.127384,0.87503
weather,revin,rlinear_q,24,1,0.053547,0.107095,0.750228,0.122861,0.873089
weather,revin,rlinear_q,24,2,0.053338,0.106676,0.748769,0.126572,0.875341
weather,revin,rlinear_q,24,3,0.053059,0.106118,0.747255,0.122806,0.870061
weather,revin,rlinear_q,24,4,0.053872,0.107745,0.737882,0.130144,0.868026
weather,san,rlinear_q,24,0,0.053081,0.106163,0.81118,0.097548,0.908728
weather,san,rlinear_q,24,1,0.054098,0.108196,0.722667,0.158916,0.881583
weather,san,rlinear_q,24,2,0.053877,0.107755,0.739739,0.14677,0.88651
weather,san,rlinear_q,24,3,0.054128,0.108256,0.67145,0.182491,0.853941
weather,san,rlinear_q,24,4,0.053735,0.10747,0.70827,0.17418,0.88245
weather,fan,rlinear_q,24,0,0.057837,0.115673,0.883931,0.053858,0.937789
weather,fan,rlinear_q,24,1,0.057932,0.115865,0.880207,0.06645,0.946657
weather,fan,rlinear_q,24,2,0.057207,0.114414,0.880069,0.051899,0.931968
weather,fan,rlinear_q,24,3,0.055809,0.111618,0.884312,0.05541,0.939722
weather,fan,rlinear_q,24,4,0.05695,0.113899,0.877327,0.06565,0.942977
weather,condnorm,rlinear_q,24,0,0.174246,0.348493,0.458456,0.271962,0.730418
weather,condnorm,rlinear_q,24,1,0.16261,0.325219,0.427446,0.297497,0.724943
weather,condnorm,rlinear_q,24,2,0.158237,0.316473,0.480557,0.266219,0.746775
weather,condnorm,rlinear_q,24,3,0.177017,0.354034,0.413156,0.295448,0.708603
weather,condnorm,rlinear_q,24,4,0.18275,0.3655,0.487235,0.258572,0.745807
weather,raw,rlinear_q,96,0,0.097831,0.195662,0.874146,0.068262,0.942409
weather,raw,rlinear_q,96,1,0.099869,0.199739,0.858111,0.086333,0.944443
weather,raw,rlinear_q,96,2,0.096689,0.193378,0.871981,0.067401,0.939382
weather,raw,rlinear_q,96,3,0.096733,0.193466,0.858178,0.088444,0.946622
weather,raw,rlinear_q,96,4,0.097653,0.195305,0.878607,0.063538,0.942145
weather,revin,rlinear_q,96,0,0.088458,0.176916,0.730549,0.137346,0.867895
weather,revin,rlinear_q,96,1,0.088766,0.177531,0.71987,0.139805,0.859675
weather,revin,rlinear_q,96,2,0.088529,0.177059,0.73021,0.137065,0.867275
weather,revin,rlinear_q,96,3,0.087333,0.174665,0.719597,0.139031,0.858627
weather,revin,rlinear_q,96,4,0.088314,0.176627,0.723566,0.136516,0.860082
weather,san,rlinear_q,96,0,0.088021,0.176043,0.701802,0.160279,0.862082
weather,san,rlinear_q,96,1,0.088175,0.17635,0.703064,0.160828,0.863891
weather,san,rlinear_q,96,2,0.087632,0.175264,0.72716,0.143415,0.870575
weather,san,rlinear_q,96,3,0.088357,0.176714,0.70045,0.160254,0.860703
weather,san,rlinear_q,96,4,0.087812,0.175623,0.703782,0.159248,0.86303
weather,fan,rlinear_q,96,0,0.092922,0.185844,0.83715,0.084022,0.921172
weather,fan,rlinear_q,96,1,0.090886,0.181772,0.864843,0.066921,0.931764
weather,fan,rlinear_q,96,2,0.092314,0.184628,0.871883,0.068873,0.940756
weather,fan,rlinear_q,96,3,0.092209,0.184418,0.870121,0.068243,0.938364
weather,fan,rlinear_q,96,4,0.091801,0.183602,0.879296,0.057387,0.936682
weather,condnorm,rlinear_q,96,0,0.268166,0.536332,0.443922,0.276517,0.720439
weather,condnorm,rlinear_q,96,1,0.268236,0.536472,0.433397,0.279211,0.712608
weather,condnorm,rlinear_q,96,2,0.252034,0.504068,0.454505,0.274392,0.728897
weather,condnorm,rlinear_q,96,3,0.256648,0.513296,0.456262,0.273579,0.729841
weather,condnorm,rlinear_q,96,4,0.268411,0.536821,0.448916,0.277039,0.725954
jeju_wind,winz,lgbm_q,48,0,0.201509,0.403017,0.709243,0.147306,0.856549
weather,raw,rlinear_q,336,0,0.129386,0.258773,0.861974,0.077375,0.939349
weather,raw,rlinear_q,336,1,0.127876,0.255752,0.865779,0.073052,0.938831
weather,raw,rlinear_q,336,2,0.133061,0.266121,0.855259,0.084356,0.939615
weather,raw,rlinear_q,336,3,0.135741,0.271482,0.843568,0.096556,0.940124
weather,raw,rlinear_q,336,4,0.131936,0.263873,0.860313,0.081867,0.94218
weather,revin,rlinear_q,336,0,0.117635,0.23527,0.713004,0.145286,0.85829
weather,revin,rlinear_q,336,1,0.119433,0.238866,0.710075,0.146926,0.857
weather,revin,rlinear_q,336,2,0.118651,0.237301,0.707413,0.150925,0.858338
weather,revin,rlinear_q,336,3,0.117954,0.235909,0.711838,0.145438,0.857276
weather,revin,rlinear_q,336,4,0.118786,0.237571,0.690483,0.159109,0.849592
jeju_wind,condnorm,lgbm_q,48,0,0.13539,0.270779,0.632947,0.183376,0.816324
weather,san,rlinear_q,336,0,0.123831,0.247663,0.665836,0.183585,0.849421
weather,san,rlinear_q,336,1,0.124438,0.248875,0.627004,0.205102,0.832106
gefcom_wind,raw,lgbm_q,24,0,0.216268,0.432536,0.690916,0.108186,0.799102
weather,san,rlinear_q,336,2,0.124317,0.248633,0.658257,0.190538,0.848795
weather,san,rlinear_q,336,3,0.124441,0.248883,0.641787,0.199136,0.840923
gefcom_wind,winz,lgbm_q,24,0,0.209985,0.419969,0.678323,0.149719,0.828041
weather,san,rlinear_q,336,4,0.124087,0.248174,0.662776,0.186821,0.849597
weather,fan,rlinear_q,336,0,0.130358,0.260715,0.832991,0.09626,0.929252
weather,fan,rlinear_q,336,1,0.131908,0.263817,0.846981,0.080633,0.927613
gefcom_wind,condnorm,lgbm_q,24,0,0.103877,0.207754,0.586214,0.213223,0.799437
weather,fan,rlinear_q,336,2,0.132542,0.265085,0.848879,0.085807,0.934686
weather,fan,rlinear_q,336,3,0.131751,0.263501,0.845937,0.088638,0.934575
weather,fan,rlinear_q,336,4,0.130295,0.26059,0.83214,0.096215,0.928354
weather,condnorm,rlinear_q,336,0,0.302711,0.605423,0.441011,0.275137,0.716148
weather,condnorm,rlinear_q,336,1,0.296428,0.592856,0.438796,0.27645,0.715247
weather,condnorm,rlinear_q,336,2,0.307642,0.615284,0.438056,0.275052,0.713108
weather,condnorm,rlinear_q,336,3,0.296864,0.593728,0.438774,0.276188,0.714962
weather,condnorm,rlinear_q,336,4,0.295021,0.590041,0.442636,0.273476,0.716113
electricity,raw,rlinear_q,24,0,0.089357,0.178713,0.822736,0.088771,0.911507
electricity,raw,rlinear_q,24,1,0.089025,0.17805,0.827182,0.086481,0.913663
electricity,raw,rlinear_q,24,2,0.087996,0.175992,0.824729,0.083679,0.908408
electricity,raw,rlinear_q,24,3,0.088738,0.177476,0.82055,0.087542,0.908092
electricity,raw,rlinear_q,24,4,0.089012,0.178025,0.819403,0.089304,0.908707
electricity,revin,rlinear_q,24,0,0.086777,0.173555,0.814328,0.09466,0.908988
electricity,revin,rlinear_q,24,1,0.086857,0.173714,0.815009,0.086763,0.901772
gefcom_wind,raw,lgbm_q,96,0,0.257696,0.515392,0.697546,0.092225,0.789771
electricity,revin,rlinear_q,24,2,0.086167,0.172334,0.818215,0.08653,0.904745
electricity,revin,rlinear_q,24,3,0.086791,0.173582,0.813696,0.092646,0.906342
electricity,revin,rlinear_q,24,4,0.087095,0.174189,0.802401,0.094968,0.897369
electricity,san,rlinear_q,24,0,0.08815,0.176299,0.772681,0.117968,0.890648
electricity,san,rlinear_q,24,1,0.08811,0.176221,0.781057,0.110003,0.89106
electricity,san,rlinear_q,24,2,0.087506,0.175013,0.777045,0.109461,0.886505
electricity,san,rlinear_q,24,3,0.087577,0.175154,0.769563,0.117017,0.88658
electricity,san,rlinear_q,24,4,0.08935,0.178701,0.777838,0.111831,0.88967
electricity,fan,rlinear_q,24,0,0.085235,0.170471,0.799516,0.101625,0.901141
electricity,fan,rlinear_q,24,1,0.087046,0.174091,0.804066,0.086223,0.890289
electricity,fan,rlinear_q,24,2,0.086252,0.172504,0.807793,0.097415,0.905208
electricity,fan,rlinear_q,24,3,0.085467,0.170935,0.810495,0.081589,0.892084
gefcom_wind,winz,lgbm_q,96,0,0.243889,0.487777,0.698832,0.136288,0.83512
electricity,fan,rlinear_q,24,4,0.084179,0.168358,0.805844,0.101314,0.907158
electricity,condnorm,rlinear_q,24,0,0.093795,0.187591,0.664816,0.180536,0.845352
electricity,condnorm,rlinear_q,24,1,0.094643,0.189287,0.669718,0.170203,0.839921
electricity,condnorm,rlinear_q,24,2,0.094406,0.188813,0.671915,0.166551,0.838466
electricity,condnorm,rlinear_q,24,3,0.093292,0.186585,0.674527,0.172066,0.846593
electricity,condnorm,rlinear_q,24,4,0.094246,0.188493,0.675791,0.169141,0.844932
electricity,raw,rlinear_q,96,0,0.102739,0.205479,0.865393,0.062715,0.928108
electricity,raw,rlinear_q,96,1,0.103678,0.207357,0.864504,0.062348,0.926852
electricity,raw,rlinear_q,96,2,0.103394,0.206788,0.87007,0.0603,0.93037
electricity,raw,rlinear_q,96,3,0.103616,0.207232,0.87279,0.059638,0.932428
electricity,raw,rlinear_q,96,4,0.104315,0.208629,0.858105,0.07112,0.929225
gefcom_wind,condnorm,lgbm_q,96,0,0.103348,0.206696,0.598021,0.223326,0.821348
electricity,revin,rlinear_q,96,0,0.099199,0.198398,0.856612,0.068004,0.924616
electricity,revin,rlinear_q,96,1,0.10219,0.204381,0.852634,0.069329,0.921963
electricity,revin,rlinear_q,96,2,0.101789,0.203578,0.861532,0.060578,0.922109
electricity,revin,rlinear_q,96,3,0.101115,0.202229,0.865691,0.064551,0.930242
electricity,revin,rlinear_q,96,4,0.102538,0.205075,0.864751,0.066463,0.931214
electricity,san,rlinear_q,96,0,0.102781,0.205563,0.811811,0.097895,0.909707
electricity,san,rlinear_q,96,1,0.104524,0.209048,0.799056,0.10307,0.902126
electricity,san,rlinear_q,96,2,0.103516,0.207032,0.823477,0.088965,0.912442
electricity,san,rlinear_q,96,3,0.103695,0.207391,0.813398,0.101289,0.914688
electricity,san,rlinear_q,96,4,0.104922,0.209844,0.794876,0.101037,0.895914
electricity,fan,rlinear_q,96,0,0.100894,0.201788,0.804259,0.098563,0.902821
electricity,fan,rlinear_q,96,1,0.102141,0.204282,0.810606,0.087398,0.898004
electricity,fan,rlinear_q,96,2,0.101526,0.203051,0.803745,0.098126,0.901871
electricity,fan,rlinear_q,96,3,0.102148,0.204296,0.811172,0.081383,0.892555
electricity,fan,rlinear_q,96,4,0.102359,0.204719,0.807348,0.092614,0.899962
electricity,condnorm,rlinear_q,96,0,0.109072,0.218145,0.651368,0.179793,0.831161
electricity,condnorm,rlinear_q,96,1,0.10937,0.218741,0.653603,0.180023,0.833625
electricity,condnorm,rlinear_q,96,2,0.109802,0.219604,0.649386,0.186292,0.835678
electricity,condnorm,rlinear_q,96,3,0.110268,0.220536,0.645409,0.187962,0.83337
gefcom_load,raw,lgbm_q,24,0,0.098281,0.196562,0.759896,0.095957,0.855853
electricity,condnorm,rlinear_q,96,4,0.109614,0.219229,0.659938,0.177685,0.837623
electricity,raw,rlinear_q,336,0,0.113177,0.226354,0.822873,0.082116,0.904989
electricity,raw,rlinear_q,336,1,0.112499,0.224998,0.812165,0.082932,0.895096
electricity,raw,rlinear_q,336,2,0.113089,0.226177,0.820967,0.084148,0.905114
electricity,raw,rlinear_q,336,3,0.112874,0.225749,0.807424,0.087678,0.895102
electricity,raw,rlinear_q,336,4,0.113004,0.226009,0.811016,0.086146,0.897162
electricity,revin,rlinear_q,336,0,0.111429,0.222858,0.793861,0.095961,0.889822
electricity,revin,rlinear_q,336,1,0.112053,0.224106,0.794185,0.094489,0.888674
electricity,revin,rlinear_q,336,2,0.111601,0.223202,0.801697,0.093747,0.895445
electricity,revin,rlinear_q,336,3,0.111201,0.222402,0.797902,0.091601,0.889503
electricity,revin,rlinear_q,336,4,0.111552,0.223104,0.796432,0.089093,0.885525
electricity,san,rlinear_q,336,0,0.11371,0.22742,0.762986,0.118029,0.881015
electricity,san,rlinear_q,336,1,0.113633,0.227266,0.763883,0.116959,0.880842
electricity,san,rlinear_q,336,2,0.113768,0.227535,0.77032,0.113215,0.883535
electricity,san,rlinear_q,336,3,0.114105,0.228211,0.757467,0.120614,0.878081
electricity,san,rlinear_q,336,4,0.113459,0.226918,0.763546,0.114855,0.878401
electricity,fan,rlinear_q,336,0,0.113372,0.226744,0.800811,0.089848,0.890659
electricity,fan,rlinear_q,336,1,0.115844,0.231687,0.801086,0.083821,0.884907
electricity,fan,rlinear_q,336,2,0.115373,0.230745,0.801772,0.080409,0.882181
electricity,fan,rlinear_q,336,3,0.113079,0.226158,0.804449,0.088786,0.893235
electricity,fan,rlinear_q,336,4,0.114077,0.228154,0.804847,0.089103,0.89395
electricity,condnorm,rlinear_q,336,0,0.125093,0.250187,0.624831,0.206062,0.830892
electricity,condnorm,rlinear_q,336,1,0.125535,0.251069,0.614084,0.211152,0.825236
electricity,condnorm,rlinear_q,336,2,0.12544,0.250881,0.614785,0.209942,0.824727
electricity,condnorm,rlinear_q,336,3,0.125167,0.250334,0.614061,0.215439,0.8295
electricity,condnorm,rlinear_q,336,4,0.125494,0.250989,0.605305,0.216242,0.821547
gefcom_load,winz,lgbm_q,24,0,0.094394,0.188787,0.753269,0.122448,0.875716
gefcom_load,condnorm,lgbm_q,24,0,0.065511,0.131022,0.673263,0.119038,0.7923
gefcom_wind,raw,lgbm_q,336,0,0.298042,0.596084,0.658751,0.071524,0.730275
gefcom_load,raw,lgbm_q,96,0,0.140658,0.281317,0.74467,0.094614,0.839284
gefcom_wind,winz,lgbm_q,336,0,0.277903,0.555807,0.746707,0.127058,0.873765
etth1,raw,lgbm_q,336,0,0.142065,0.28413,0.771903,0.093393,0.865295
gefcom_wind,condnorm,lgbm_q,336,0,0.107554,0.215108,0.603185,0.222739,0.825925
gefcom_load,winz,lgbm_q,96,0,0.136225,0.27245,0.752451,0.126406,0.878857
gefcom_load,condnorm,lgbm_q,96,0,0.074312,0.148624,0.641706,0.126709,0.768415
gefcom_solar,raw,lgbm_q,336,0,0.065664,0.131327,0.836058,0.101562,0.937619
gefcom_solar,raw,lgbm_q,24,0,0.056934,0.113868,0.849408,0.082185,0.931593
gefcom_solar,winz,lgbm_q,24,0,0.062616,0.125233,0.801625,0.115273,0.916899
gefcom_solar,condnorm,lgbm_q,24,0,0.043689,0.087378,0.704701,0.141053,0.845754
gefcom_solar,raw,lgbm_q,96,0,0.062772,0.125544,0.838077,0.091175,0.929253
gefcom_solar,winz,lgbm_q,96,0,0.066674,0.133348,0.791872,0.123163,0.915035
etth1,winz,lgbm_q,336,0,0.136275,0.272549,0.728436,0.131592,0.860028
gefcom_solar,winz,lgbm_q,336,0,0.069108,0.138216,0.789464,0.135322,0.924786
gefcom_solar,condnorm,lgbm_q,96,0,0.043958,0.087915,0.703333,0.141078,0.844411
etth1,raw,lgbm_q,24,0,0.108979,0.217958,0.766955,0.117239,0.884194
etth1,winz,lgbm_q,24,0,0.10621,0.21242,0.728455,0.145895,0.87435
etth1,condnorm,lgbm_q,24,0,0.37637,0.75274,0.345921,0.246508,0.59243
gefcom_solar,condnorm,lgbm_q,336,0,0.044128,0.088256,0.711674,0.135243,0.846917
