dataset,arm,h,seed,mse,mae,nmae
etth1,seasonal_naive,24,0,0.668869,0.510642,
etth1,climatology,24,0,0.884796,0.711844,
etth1,first_stage_only,24,0,1.404443,0.868008,
etth1,dynreg,24,0,0.355292,0.389286,
jeju_wind,seasonal_naive,24,0,1.627956,0.922424,0.22539
jeju_wind,climatology,24,0,1.033205,0.846851,0.206924
weather,seasonal_naive,24,0,0.315584,0.287614,
weather,climatology,24,0,0.68588,0.601994,
jeju_wind,first_stage_only,24,0,0.295082,0.392909,0.096006
jeju_wind,dynreg,24,0,0.273243,0.368095,0.089942
jeju_wind,seasonal_naive,48,0,1.625081,0.920876,0.225012
jeju_wind,climatology,48,0,1.030759,0.846546,0.20685
jeju_wind,first_stage_only,48,0,0.292599,0.39108,0.095559
jeju_wind,dynreg,48,0,0.296701,0.391378,0.095632
gefcom_wind,seasonal_naive,24,0,1.761932,1.053522,
gefcom_wind,climatology,24,0,1.071336,0.837054,
gefcom_wind,first_stage_only,24,0,0.154444,0.306217,
gefcom_wind,dynreg,24,0,0.154436,0.306637,
gefcom_wind,seasonal_naive,96,0,1.943191,1.126091,
gefcom_wind,climatology,96,0,1.163199,0.873771,
gefcom_wind,first_stage_only,96,0,0.149818,0.301793,
gefcom_wind,dynreg,96,0,0.173052,0.326071,
gefcom_wind,seasonal_naive,336,0,2.258184,1.201606,
gefcom_wind,climatology,336,0,1.459205,1.008191,
gefcom_wind,first_stage_only,336,0,0.164928,0.317049,
gefcom_wind,dynreg,336,0,0.185618,0.334069,
gefcom_load,seasonal_naive,24,0,0.658198,0.580933,
gefcom_load,climatology,24,0,1.197104,0.856924,
gefcom_load,first_stage_only,24,0,0.136525,0.254485,
gefcom_load,dynreg,24,0,0.190242,0.308093,
gefcom_load,seasonal_naive,96,0,0.659989,0.581694,
gefcom_load,climatology,96,0,1.194813,0.85603,
gefcom_load,first_stage_only,96,0,0.136586,0.25429,
gefcom_load,dynreg,96,0,0.401651,0.465609,
gefcom_load,seasonal_naive,336,0,0.739723,0.627389,
gefcom_load,climatology,336,0,1.178172,0.850352,
gefcom_load,first_stage_only,336,0,0.136384,0.253465,
gefcom_load,dynreg,336,0,0.522337,0.542692,
gefcom_solar,seasonal_naive,24,0,0.331999,0.275995,
gefcom_solar,climatology,24,0,0.20272,0.256991,
gefcom_solar,first_stage_only,24,0,0.056128,0.118892,
gefcom_solar,dynreg,24,0,0.12385,0.246644,
gefcom_solar,seasonal_naive,96,0,0.335556,0.27796,
gefcom_solar,climatology,96,0,0.203124,0.257221,
gefcom_solar,first_stage_only,96,0,0.05637,0.118921,
gefcom_solar,dynreg,96,0,0.146041,0.275471,
gefcom_solar,seasonal_naive,336,0,0.331128,0.275001,
gefcom_solar,climatology,336,0,0.202936,0.256043,
gefcom_solar,first_stage_only,336,0,0.057074,0.11896,
gefcom_solar,dynreg,336,0,0.154207,0.284163,
etth1,seasonal_naive,96,0,0.656989,0.508554,
etth1,climatology,96,0,0.882363,0.710923,
etth1,first_stage_only,96,0,1.402721,0.867513,
etth1,dynreg,96,0,0.452055,0.453311,
etth1,seasonal_naive,336,0,0.682749,0.519671,
etth1,climatology,336,0,0.880539,0.711495,
etth1,first_stage_only,336,0,1.402779,0.87011,
jeju_wind,revin_all,24,0,0.308217,0.415763,0.10159
jeju_wind,revin_all,24,1,0.324438,0.425307,0.103922
etth1,dynreg,336,0,0.630166,0.563159,
etth2,seasonal_naive,24,0,0.581216,0.483614,
etth2,climatology,24,0,3.125015,1.350507,
etth2,first_stage_only,24,0,3.344926,1.37907,
etth2,dynreg,24,0,0.283121,0.352479,
etth2,seasonal_naive,96,0,0.582377,0.484654,
etth2,climatology,96,0,3.134752,1.350776,
etth2,first_stage_only,96,0,3.364042,1.382747,
jeju_wind,revin_all,24,2,0.32755,0.430975,0.105307
etth2,dynreg,96,0,0.819389,0.62072,
etth2,seasonal_naive,336,0,0.566972,0.490659,
etth2,climatology,336,0,3.125558,1.343352,
etth2,first_stage_only,336,0,3.39192,1.385672,
jeju_wind,revin_all,24,3,0.338973,0.435638,0.106446
jeju_wind,revin_all,24,4,0.329991,0.426316,0.104168
jeju_wind,linmix_raw,24,0,0.321393,0.428741,0.104761
jeju_wind,linmix_raw,24,1,0.321928,0.42527,0.103913
etth2,dynreg,336,0,1.573702,0.893371,
weather,first_stage_only,24,0,0.646536,0.494717,
jeju_wind,linmix_raw,24,2,0.317891,0.423528,0.103487
jeju_wind,linmix_raw,24,3,0.336722,0.441409,0.107856
jeju_wind,linmix_raw,24,4,0.332492,0.432145,0.105593
jeju_wind,linmix_revin,24,0,0.335308,0.427519,0.104462
jeju_wind,linmix_revin,24,1,0.324432,0.421617,0.10302
jeju_wind,linmix_revin,24,2,0.338095,0.431945,0.105544
weather,dynreg,24,0,0.109822,0.17122,
weather,seasonal_naive,96,0,0.316698,0.287958,
weather,climatology,96,0,0.686481,0.601938,
weather,first_stage_only,96,0,0.648273,0.495693,
jeju_wind,linmix_revin,24,3,0.35103,0.436687,0.106703
jeju_wind,linmix_revin,24,4,0.352264,0.43774,0.10696
jeju_wind,linmix_condnorm,24,0,0.310949,0.414236,0.101217
jeju_wind,linmix_condnorm,24,1,0.306822,0.413241,0.100974
jeju_wind,linmix_condnorm,24,2,0.300194,0.406481,0.099322
jeju_wind,linmix_condnorm,24,3,0.305363,0.408038,0.099702
jeju_wind,linmix_condnorm,24,4,0.296631,0.405335,0.099042
jeju_wind,revin_all,48,0,0.365979,0.451422,0.110303
jeju_wind,revin_all,48,1,0.359132,0.453524,0.110817
jeju_wind,revin_all,48,2,0.388048,0.473811,0.115774
jeju_wind,revin_all,48,3,0.364948,0.452915,0.110668
jeju_wind,revin_all,48,4,0.379543,0.46436,0.113464
jeju_wind,linmix_raw,48,0,0.361616,0.451132,0.110232
jeju_wind,linmix_raw,48,1,0.361706,0.462456,0.112999
jeju_wind,linmix_raw,48,2,0.365393,0.457977,0.111905
jeju_wind,linmix_raw,48,3,0.356077,0.448642,0.109624
jeju_wind,linmix_raw,48,4,0.363593,0.456412,0.111522
jeju_wind,linmix_revin,48,0,0.378046,0.458067,0.111927
weather,dynreg,96,0,0.168017,0.251392,
jeju_wind,linmix_revin,48,1,0.407211,0.478007,0.116799
weather,seasonal_naive,336,0,0.382684,0.330938,
jeju_wind,linmix_revin,48,2,0.412257,0.482064,0.11779
weather,climatology,336,0,0.690581,0.603775,
jeju_wind,linmix_revin,48,3,0.391717,0.470984,0.115083
weather,first_stage_only,336,0,0.650148,0.497132,
jeju_wind,linmix_revin,48,4,0.383927,0.462998,0.113131
jeju_wind,linmix_condnorm,48,0,0.304315,0.411506,0.10055
jeju_wind,linmix_condnorm,48,1,0.30737,0.414945,0.10139
jeju_wind,linmix_condnorm,48,2,0.313075,0.419181,0.102425
jeju_wind,linmix_condnorm,48,3,0.311874,0.417177,0.101935
jeju_wind,linmix_condnorm,48,4,0.315509,0.420838,0.10283
gefcom_wind,revin_all,24,0,0.250782,0.383837,
gefcom_wind,revin_all,24,1,0.242516,0.378652,
gefcom_wind,revin_all,24,2,0.254496,0.38574,
gefcom_wind,revin_all,24,3,0.257115,0.383514,
gefcom_wind,revin_all,24,4,0.243661,0.378827,
gefcom_wind,linmix_raw,24,0,0.26915,0.381717,
gefcom_wind,linmix_raw,24,1,0.254361,0.378983,
gefcom_wind,linmix_raw,24,2,0.275388,0.384607,
gefcom_wind,linmix_raw,24,3,0.271778,0.382079,
gefcom_wind,linmix_raw,24,4,0.267044,0.38003,
gefcom_wind,linmix_revin,24,0,0.330907,0.431895,
gefcom_wind,linmix_revin,24,1,0.319968,0.42153,
gefcom_wind,linmix_revin,24,2,0.333936,0.429613,
gefcom_wind,linmix_revin,24,3,0.309734,0.428252,
gefcom_wind,linmix_revin,24,4,0.338598,0.43481,
gefcom_wind,linmix_condnorm,24,0,0.180887,0.328173,
gefcom_wind,linmix_condnorm,24,1,0.180265,0.327916,
gefcom_wind,linmix_condnorm,24,2,0.184569,0.328581,
gefcom_wind,linmix_condnorm,24,3,0.183033,0.326572,
gefcom_wind,linmix_condnorm,24,4,0.177622,0.322582,
gefcom_wind,revin_all,96,0,0.246262,0.385495,
gefcom_wind,revin_all,96,1,0.24451,0.386314,
gefcom_wind,revin_all,96,2,0.263689,0.399446,
gefcom_wind,revin_all,96,3,0.244368,0.384481,
gefcom_wind,revin_all,96,4,0.242005,0.384261,
gefcom_wind,linmix_raw,96,0,0.217514,0.366132,
gefcom_wind,linmix_raw,96,1,0.238118,0.388624,
gefcom_wind,linmix_raw,96,2,0.255748,0.398012,
gefcom_wind,linmix_raw,96,3,0.225524,0.372924,
gefcom_wind,linmix_raw,96,4,0.225049,0.375137,
gefcom_wind,linmix_revin,96,0,0.286832,0.42877,
gefcom_wind,linmix_revin,96,1,0.266638,0.417913,
gefcom_wind,linmix_revin,96,2,0.300402,0.442326,
gefcom_wind,linmix_revin,96,3,0.314941,0.446917,
gefcom_wind,linmix_revin,96,4,0.275997,0.424475,
gefcom_wind,linmix_condnorm,96,0,0.168267,0.324886,
gefcom_wind,linmix_condnorm,96,1,0.16647,0.323795,
gefcom_wind,linmix_condnorm,96,2,0.16565,0.321982,
gefcom_wind,linmix_condnorm,96,3,0.171878,0.328482,
gefcom_wind,linmix_condnorm,96,4,0.167499,0.324279,
gefcom_wind,revin_all,336,0,0.326462,0.446825,
gefcom_wind,revin_all,336,1,0.340191,0.459299,
gefcom_wind,revin_all,336,2,0.314875,0.441007,
gefcom_wind,revin_all,336,3,0.328735,0.450073,
gefcom_wind,revin_all,336,4,0.327072,0.448824,
gefcom_wind,linmix_raw,336,0,0.290847,0.426272,
gefcom_wind,linmix_raw,336,1,0.31326,0.443025,
gefcom_wind,linmix_raw,336,2,0.290766,0.43108,
gefcom_wind,linmix_raw,336,3,0.287296,0.42573,
gefcom_wind,linmix_raw,336,4,0.298096,0.432288,
gefcom_wind,linmix_revin,336,0,0.371304,0.479695,
gefcom_wind,linmix_revin,336,1,0.389508,0.491141,
gefcom_wind,linmix_revin,336,2,0.356407,0.477246,
gefcom_wind,linmix_revin,336,3,0.379475,0.491728,
gefcom_wind,linmix_revin,336,4,0.337167,0.463685,
gefcom_wind,linmix_condnorm,336,0,0.192317,0.341943,
gefcom_wind,linmix_condnorm,336,1,0.187844,0.33825,
gefcom_wind,linmix_condnorm,336,2,0.186906,0.336364,
gefcom_wind,linmix_condnorm,336,3,0.189943,0.340583,
gefcom_wind,linmix_condnorm,336,4,0.193223,0.344002,
gefcom_load,revin_all,24,0,0.220401,0.337726,
gefcom_load,revin_all,24,1,0.243955,0.352814,
gefcom_load,revin_all,24,2,0.211484,0.324028,
gefcom_load,revin_all,24,3,0.222089,0.337033,
weather,dynreg,336,0,0.264579,0.339053,
gefcom_load,revin_all,24,4,0.229405,0.342447,
gefcom_load,linmix_raw,24,0,0.213711,0.332626,
electricity,seasonal_naive,24,0,0.211649,0.278022,
gefcom_load,linmix_raw,24,1,0.200973,0.324669,
electricity,climatology,24,0,0.39261,0.436897,
electricity,first_stage_only,24,0,0.323399,0.386217,
gefcom_load,linmix_raw,24,2,0.200926,0.322323,
gefcom_load,linmix_raw,24,3,0.194299,0.319759,
gefcom_load,linmix_raw,24,4,0.216012,0.338165,
gefcom_load,linmix_revin,24,0,0.204106,0.321498,
gefcom_load,linmix_revin,24,1,0.206566,0.314397,
gefcom_load,linmix_revin,24,2,0.195611,0.311833,
gefcom_load,linmix_revin,24,3,0.204251,0.318326,
gefcom_load,linmix_revin,24,4,0.189106,0.310092,
gefcom_load,linmix_condnorm,24,0,0.08258,0.193254,
electricity,dynreg,24,0,0.164182,0.259755,
gefcom_load,linmix_condnorm,24,1,0.076726,0.186547,
electricity,seasonal_naive,96,0,0.21227,0.278516,
gefcom_load,linmix_condnorm,24,2,0.077484,0.186478,
gefcom_load,linmix_condnorm,24,3,0.077058,0.186182,
electricity,climatology,96,0,0.391584,0.436091,
gefcom_load,linmix_condnorm,24,4,0.078002,0.188565,
gefcom_load,revin_all,96,0,0.42431,0.471304,
electricity,first_stage_only,96,0,0.32289,0.385919,
gefcom_load,revin_all,96,1,0.416821,0.466056,
gefcom_load,revin_all,96,2,0.407097,0.468982,
gefcom_load,revin_all,96,3,0.426419,0.469314,
gefcom_load,revin_all,96,4,0.424842,0.476224,
gefcom_load,linmix_raw,96,0,0.359715,0.440118,
gefcom_load,linmix_raw,96,1,0.376432,0.45371,
gefcom_load,linmix_raw,96,2,0.367788,0.444485,
gefcom_load,linmix_raw,96,3,0.353247,0.43516,
gefcom_load,linmix_raw,96,4,0.375,0.452469,
gefcom_load,linmix_revin,96,0,0.395909,0.443761,
gefcom_load,linmix_revin,96,1,0.382006,0.44407,
gefcom_load,linmix_revin,96,2,0.380001,0.446957,
gefcom_load,linmix_revin,96,3,0.387375,0.445612,
gefcom_load,linmix_revin,96,4,0.387606,0.439163,
gefcom_load,linmix_condnorm,96,0,0.11173,0.218753,
gefcom_load,linmix_condnorm,96,1,0.110763,0.218401,
gefcom_load,linmix_condnorm,96,2,0.113947,0.221268,
gefcom_load,linmix_condnorm,96,3,0.11228,0.220733,
gefcom_load,linmix_condnorm,96,4,0.110817,0.218302,
gefcom_load,revin_all,336,0,0.576867,0.5629,
gefcom_load,revin_all,336,1,0.567417,0.561821,
gefcom_load,revin_all,336,2,0.576524,0.562471,
gefcom_load,revin_all,336,3,0.600356,0.571353,
gefcom_load,revin_all,336,4,0.594437,0.577502,
gefcom_load,linmix_raw,336,0,0.502758,0.532804,
gefcom_load,linmix_raw,336,1,0.501808,0.533,
gefcom_load,linmix_raw,336,2,0.512443,0.537863,
gefcom_load,linmix_raw,336,3,0.495364,0.528693,
gefcom_load,linmix_raw,336,4,0.502728,0.53403,
gefcom_load,linmix_revin,336,0,0.54894,0.548645,
gefcom_load,linmix_revin,336,1,0.566709,0.562581,
gefcom_load,linmix_revin,336,2,0.55985,0.552866,
gefcom_load,linmix_revin,336,3,0.552492,0.547645,
electricity,dynreg,96,0,0.206414,0.302083,
gefcom_load,linmix_revin,336,4,0.552114,0.553833,
gefcom_load,linmix_condnorm,336,0,0.133845,0.237838,
gefcom_load,linmix_condnorm,336,1,0.13523,0.239944,
gefcom_load,linmix_condnorm,336,2,0.133745,0.2382,
gefcom_load,linmix_condnorm,336,3,0.13036,0.236064,
gefcom_load,linmix_condnorm,336,4,0.132269,0.237333,
gefcom_solar,revin_all,24,0,2.243256,0.752345,
gefcom_solar,revin_all,24,1,2.668878,0.836883,
gefcom_solar,revin_all,24,2,2.651312,0.882338,
gefcom_solar,revin_all,24,3,0.383913,0.384934,
gefcom_solar,revin_all,24,4,0.789215,0.568011,
gefcom_solar,linmix_raw,24,0,0.150529,0.28439,
gefcom_solar,linmix_raw,24,1,0.159507,0.293648,
gefcom_solar,linmix_raw,24,2,0.155711,0.290583,
gefcom_solar,linmix_raw,24,3,0.155944,0.287671,
gefcom_solar,linmix_raw,24,4,0.15825,0.291653,
gefcom_solar,linmix_revin,24,0,0.14512,0.276953,
gefcom_solar,linmix_revin,24,1,0.15071,0.283901,
gefcom_solar,linmix_revin,24,2,0.147419,0.280862,
electricity,seasonal_naive,336,0,0.228233,0.295434,
gefcom_solar,linmix_revin,24,3,0.144979,0.280235,
gefcom_solar,linmix_revin,24,4,0.146208,0.279551,
gefcom_solar,linmix_condnorm,24,0,0.064076,0.152797,
gefcom_solar,linmix_condnorm,24,1,0.063659,0.151227,
gefcom_solar,linmix_condnorm,24,2,0.063966,0.152298,
gefcom_solar,linmix_condnorm,24,3,0.064003,0.151975,
gefcom_solar,linmix_condnorm,24,4,0.063399,0.151686,
gefcom_solar,revin_all,96,0,26.276346,2.126629,
gefcom_solar,revin_all,96,1,37.88707,2.690482,
gefcom_solar,revin_all,96,2,34.780624,2.462336,
gefcom_solar,revin_all,96,3,33.331638,2.160424,
gefcom_solar,revin_all,96,4,28.681229,2.444626,
gefcom_solar,linmix_raw,96,0,0.14055,0.272752,
gefcom_solar,linmix_raw,96,1,0.142078,0.273189,
gefcom_solar,linmix_raw,96,2,0.146486,0.277424,
gefcom_solar,linmix_raw,96,3,0.141733,0.27477,
gefcom_solar,linmix_raw,96,4,0.141593,0.274502,
gefcom_solar,linmix_revin,96,0,0.151341,0.278478,
gefcom_solar,linmix_revin,96,1,0.148084,0.27754,
gefcom_solar,linmix_revin,96,2,0.152078,0.280161,
gefcom_solar,linmix_revin,96,3,0.14906,0.277955,
gefcom_solar,linmix_revin,96,4,0.146071,0.274828,
gefcom_solar,linmix_condnorm,96,0,0.061919,0.147833,
gefcom_solar,linmix_condnorm,96,1,0.062023,0.14791,
gefcom_solar,linmix_condnorm,96,2,0.061695,0.146877,
gefcom_solar,linmix_condnorm,96,3,0.061747,0.14695,
gefcom_solar,linmix_condnorm,96,4,0.061714,0.146768,
electricity,climatology,336,0,0.383944,0.432404,
gefcom_solar,revin_all,336,0,936.836426,13.142651,
gefcom_solar,revin_all,336,1,1058.769653,13.942016,
gefcom_solar,revin_all,336,2,879.624573,12.981653,
gefcom_solar,revin_all,336,3,847.546692,12.32998,
gefcom_solar,revin_all,336,4,848.062744,12.306077,
gefcom_solar,linmix_raw,336,0,0.184825,0.320989,
gefcom_solar,linmix_raw,336,1,0.178831,0.314491,
gefcom_solar,linmix_raw,336,2,0.17707,0.315137,
gefcom_solar,linmix_raw,336,3,0.180885,0.317675,
gefcom_solar,linmix_raw,336,4,0.177075,0.312587,
gefcom_solar,linmix_revin,336,0,0.187917,0.32055,
gefcom_solar,linmix_revin,336,1,0.18677,0.318926,
gefcom_solar,linmix_revin,336,2,0.187691,0.321731,
gefcom_solar,linmix_revin,336,3,0.192654,0.324811,
gefcom_solar,linmix_revin,336,4,0.187725,0.319259,
gefcom_solar,linmix_condnorm,336,0,0.065277,0.156633,
gefcom_solar,linmix_condnorm,336,1,0.065505,0.157226,
gefcom_solar,linmix_condnorm,336,2,0.065463,0.157172,
gefcom_solar,linmix_condnorm,336,3,0.065806,0.158304,
gefcom_solar,linmix_condnorm,336,4,0.065595,0.157224,
etth1,revin_all,24,0,0.324931,0.364757,
electricity,first_stage_only,336,0,0.320822,0.385037,
etth1,revin_all,24,1,0.324758,0.364322,
etth1,revin_all,24,2,0.323372,0.363594,
etth1,revin_all,24,3,0.323848,0.364794,
etth1,revin_all,24,4,0.321688,0.36314,
etth1,linmix_raw,24,0,0.317771,0.361952,
etth1,linmix_raw,24,1,0.319087,0.362899,
etth1,linmix_raw,24,2,0.318251,0.361829,
etth1,linmix_raw,24,3,0.322205,0.367356,
etth1,linmix_raw,24,4,0.320292,0.364128,
etth1,linmix_revin,24,0,0.320086,0.360666,
etth1,linmix_revin,24,1,0.31584,0.357681,
etth1,linmix_revin,24,2,0.318243,0.359175,
etth1,linmix_revin,24,3,0.318406,0.359894,
etth1,linmix_revin,24,4,0.324416,0.363935,
etth1,linmix_condnorm,24,0,3.803508,1.45941,
etth1,linmix_condnorm,24,1,3.789201,1.456026,
etth1,linmix_condnorm,24,2,3.797575,1.457281,
etth1,linmix_condnorm,24,3,3.789818,1.454647,
etth1,linmix_condnorm,24,4,3.799117,1.456471,
etth1,revin_all,96,0,0.421551,0.430972,
etth1,revin_all,96,1,0.413506,0.429037,
etth1,revin_all,96,2,0.397654,0.416001,
etth1,revin_all,96,3,0.408953,0.424,
etth1,revin_all,96,4,0.407971,0.422786,
etth1,linmix_raw,96,0,0.406354,0.428771,
etth1,linmix_raw,96,1,0.405378,0.426617,
etth1,linmix_raw,96,2,0.3979,0.422618,
etth1,linmix_raw,96,3,0.406565,0.427391,
etth1,linmix_raw,96,4,0.39768,0.420205,
etth1,linmix_revin,96,0,0.409479,0.422362,
etth1,linmix_revin,96,1,0.409654,0.425331,
etth1,linmix_revin,96,2,0.395834,0.41402,
etth1,linmix_revin,96,3,0.403725,0.419564,
etth1,linmix_revin,96,4,0.404882,0.42006,
etth1,linmix_condnorm,96,0,2.960557,1.272503,
etth1,linmix_condnorm,96,1,2.863629,1.238281,
etth1,linmix_condnorm,96,2,2.881336,1.255316,
etth1,linmix_condnorm,96,3,2.916586,1.255875,
etth1,linmix_condnorm,96,4,3.004899,1.277816,
etth1,revin_all,336,0,0.452638,0.448591,
etth1,revin_all,336,1,0.457639,0.452556,
etth1,revin_all,336,2,0.455082,0.450971,
etth1,revin_all,336,3,0.454677,0.450113,
etth1,revin_all,336,4,0.453959,0.449329,
etth1,linmix_raw,336,0,0.468685,0.468565,
etth1,linmix_raw,336,1,0.471748,0.471369,
etth1,linmix_raw,336,2,0.471784,0.471831,
etth1,linmix_raw,336,3,0.472005,0.471493,
etth1,linmix_raw,336,4,0.465157,0.465559,
etth1,linmix_revin,336,0,0.450551,0.446152,
etth1,linmix_revin,336,1,0.445892,0.443171,
etth1,linmix_revin,336,2,0.452417,0.448498,
etth1,linmix_revin,336,3,0.451548,0.447672,
etth1,linmix_revin,336,4,0.447672,0.444788,
etth1,linmix_condnorm,336,0,2.282116,1.14027,
etth1,linmix_condnorm,336,1,2.305519,1.146287,
etth1,linmix_condnorm,336,2,2.238013,1.130577,
etth1,linmix_condnorm,336,3,2.230946,1.127124,
etth1,linmix_condnorm,336,4,2.226353,1.126897,
etth2,revin_all,24,0,0.168632,0.264452,
etth2,revin_all,24,1,0.165748,0.261554,
etth2,revin_all,24,2,0.170849,0.265479,
etth2,revin_all,24,3,0.167878,0.263341,
etth2,revin_all,24,4,0.168909,0.264672,
etth2,linmix_raw,24,0,0.173138,0.272219,
etth2,linmix_raw,24,1,0.18067,0.283867,
etth2,linmix_raw,24,2,0.179905,0.280895,
etth2,linmix_raw,24,3,0.17811,0.278266,
etth2,linmix_raw,24,4,0.176734,0.277825,
etth2,linmix_revin,24,0,0.168067,0.262834,
etth2,linmix_revin,24,1,0.172281,0.266244,
etth2,linmix_revin,24,2,0.166273,0.261192,
etth2,linmix_revin,24,3,0.16618,0.262054,
etth2,linmix_revin,24,4,0.168286,0.263923,
etth2,linmix_condnorm,24,0,11.628241,2.538286,
etth2,linmix_condnorm,24,1,11.594762,2.514943,
etth2,linmix_condnorm,24,2,11.882326,2.553486,
etth2,linmix_condnorm,24,3,11.124597,2.469914,
etth2,linmix_condnorm,24,4,10.923866,2.438155,
etth2,revin_all,96,0,0.280719,0.342744,
etth2,revin_all,96,1,0.278206,0.34056,
etth2,revin_all,96,2,0.276435,0.338906,
etth2,revin_all,96,3,0.279824,0.341763,
etth2,revin_all,96,4,0.282973,0.344696,
etth2,linmix_raw,96,0,0.319012,0.38574,
etth2,linmix_raw,96,1,0.309729,0.376797,
etth2,linmix_raw,96,2,0.330286,0.392071,
etth2,linmix_raw,96,3,0.32524,0.388166,
etth2,linmix_raw,96,4,0.322356,0.386271,
etth2,linmix_revin,96,0,0.278423,0.340758,
etth2,linmix_revin,96,1,0.280624,0.340802,
etth2,linmix_revin,96,2,0.280579,0.342612,
etth2,linmix_revin,96,3,0.279241,0.339815,
etth2,linmix_revin,96,4,0.280886,0.341893,
etth2,linmix_condnorm,96,0,6.45105,1.814622,
etth2,linmix_condnorm,96,1,6.077538,1.768013,
etth2,linmix_condnorm,96,2,6.423185,1.821932,
etth2,linmix_condnorm,96,3,6.192228,1.782554,
etth2,linmix_condnorm,96,4,6.109635,1.778793,
etth2,revin_all,336,0,0.374245,0.407659,
etth2,revin_all,336,1,0.370708,0.405763,
etth2,revin_all,336,2,0.371406,0.405938,
etth2,revin_all,336,3,0.3622,0.40008,
etth2,revin_all,336,4,0.364214,0.401016,
etth2,linmix_raw,336,0,0.548544,0.524792,
etth2,linmix_raw,336,1,0.603734,0.544964,
etth2,linmix_raw,336,2,0.613524,0.551933,
etth2,linmix_raw,336,3,0.607409,0.551102,
etth2,linmix_raw,336,4,0.542602,0.516563,
etth2,linmix_revin,336,0,0.363723,0.402915,
etth2,linmix_revin,336,1,0.365044,0.402257,
etth2,linmix_revin,336,2,0.362257,0.39999,
etth2,linmix_revin,336,3,0.358562,0.397358,
etth2,linmix_revin,336,4,0.361991,0.399276,
etth2,linmix_condnorm,336,0,4.506986,1.510044,
etth2,linmix_condnorm,336,1,4.74356,1.571318,
etth2,linmix_condnorm,336,2,4.524902,1.527707,
etth2,linmix_condnorm,336,3,4.306834,1.512897,
etth2,linmix_condnorm,336,4,4.395108,1.527919,
weather,revin_all,24,0,0.109051,0.159374,
weather,revin_all,24,1,0.111898,0.167322,
weather,revin_all,24,2,0.10667,0.157421,
weather,revin_all,24,3,0.11232,0.166125,
weather,revin_all,24,4,0.107267,0.15827,
weather,linmix_raw,24,0,0.119145,0.198826,
weather,linmix_raw,24,1,0.11267,0.184014,
weather,linmix_raw,24,2,0.110261,0.172501,
weather,linmix_raw,24,3,0.110879,0.178229,
weather,linmix_raw,24,4,0.118669,0.196145,
weather,linmix_revin,24,0,0.11171,0.163475,
weather,linmix_revin,24,1,0.106431,0.153432,
weather,linmix_revin,24,2,0.104967,0.154212,
weather,linmix_revin,24,3,0.113841,0.168353,
weather,linmix_revin,24,4,0.107219,0.157907,
weather,linmix_condnorm,24,0,0.694139,0.508035,
weather,linmix_condnorm,24,1,0.729009,0.530834,
weather,linmix_condnorm,24,2,0.796139,0.539177,
weather,linmix_condnorm,24,3,0.812194,0.548542,
weather,linmix_condnorm,24,4,0.781123,0.54161,
weather,revin_all,96,0,0.178352,0.233773,
weather,revin_all,96,1,0.177092,0.234804,
weather,revin_all,96,2,0.173079,0.229283,
weather,revin_all,96,3,0.178091,0.235417,
weather,revin_all,96,4,0.173509,0.230785,
weather,linmix_raw,96,0,0.179588,0.250281,
weather,linmix_raw,96,1,0.177136,0.246068,
weather,linmix_raw,96,2,0.177165,0.24651,
weather,linmix_raw,96,3,0.180271,0.25247,
weather,linmix_raw,96,4,0.177939,0.246865,
weather,linmix_revin,96,0,0.177508,0.233497,
weather,linmix_revin,96,1,0.176817,0.234228,
weather,linmix_revin,96,2,0.172111,0.227342,
weather,linmix_revin,96,3,0.176044,0.232601,
weather,linmix_revin,96,4,0.173021,0.229745,
weather,linmix_condnorm,96,0,1.344963,0.731895,
weather,linmix_condnorm,96,1,1.281958,0.708556,
weather,linmix_condnorm,96,2,1.201249,0.68933,
weather,linmix_condnorm,96,3,1.375054,0.728855,
weather,linmix_condnorm,96,4,1.348471,0.723693,
weather,revin_all,336,0,0.264911,0.302383,
electricity,dynreg,336,0,0.225316,0.324204,
weather,revin_all,336,1,0.265387,0.303389,
weather,revin_all,336,2,0.262868,0.300736,
weather,revin_all,336,3,0.265996,0.304199,
weather,revin_all,336,4,0.263856,0.301383,
weather,linmix_raw,336,0,0.26424,0.31685,
weather,linmix_raw,336,1,0.262632,0.316836,
weather,linmix_raw,336,2,0.264212,0.31921,
weather,linmix_raw,336,3,0.265795,0.32223,
weather,linmix_raw,336,4,0.261552,0.315046,
weather,linmix_revin,336,0,0.263161,0.30009,
weather,linmix_revin,336,1,0.265114,0.30308,
weather,linmix_revin,336,2,0.261686,0.298961,
weather,linmix_revin,336,3,0.264466,0.302461,
weather,linmix_revin,336,4,0.263034,0.30014,
weather,linmix_condnorm,336,0,1.140566,0.670465,
weather,linmix_condnorm,336,1,1.138702,0.679942,
weather,linmix_condnorm,336,2,1.141655,0.67245,
weather,linmix_condnorm,336,3,1.132274,0.680025,
weather,linmix_condnorm,336,4,1.116313,0.676518,
electricity,revin_all,24,0,0.151155,0.27167,
electricity,revin_all,24,1,0.128441,0.244364,
electricity,revin_all,24,2,0.123944,0.238179,
electricity,revin_all,24,3,0.131167,0.248387,
electricity,revin_all,24,4,0.142001,0.262826,
electricity,linmix_raw,24,0,0.148291,0.273802,
electricity,linmix_raw,24,1,0.160353,0.28788,
electricity,linmix_raw,24,2,0.136173,0.257869,
electricity,linmix_raw,24,3,0.138951,0.263002,
electricity,linmix_raw,24,4,0.156492,0.284567,
electricity,linmix_revin,24,0,0.107678,0.211165,
electricity,linmix_revin,24,1,0.118427,0.229792,
electricity,linmix_revin,24,2,0.107058,0.209505,
electricity,linmix_revin,24,3,0.107871,0.211314,
electricity,linmix_revin,24,4,0.106865,0.208774,
electricity,linmix_condnorm,24,0,0.127128,0.237317,
electricity,linmix_condnorm,24,1,0.128826,0.239702,
electricity,linmix_condnorm,24,2,0.129732,0.240528,
electricity,linmix_condnorm,24,3,0.129828,0.239684,
electricity,linmix_condnorm,24,4,0.13105,0.242357,
electricity,revin_all,96,0,0.239023,0.354019,
electricity,revin_all,96,1,0.22938,0.34475,
electricity,revin_all,96,2,0.217147,0.332623,
electricity,revin_all,96,3,0.197116,0.315823,
electricity,revin_all,96,4,0.191823,0.309234,
electricity,linmix_raw,96,0,0.248116,0.368912,
electricity,linmix_raw,96,1,0.221859,0.34495,
electricity,linmix_raw,96,2,0.216972,0.337778,
electricity,linmix_raw,96,3,0.197049,0.320724,
electricity,linmix_raw,96,4,0.217263,0.340201,
electricity,linmix_revin,96,0,0.147289,0.253036,
electricity,linmix_revin,96,1,0.146695,0.252429,
electricity,linmix_revin,96,2,0.148977,0.256254,
electricity,linmix_revin,96,3,0.144911,0.248974,
electricity,linmix_revin,96,4,0.173023,0.286719,
electricity,linmix_condnorm,96,0,0.191829,0.29995,
electricity,linmix_condnorm,96,1,0.183993,0.293548,
electricity,linmix_condnorm,96,2,0.178134,0.287317,
electricity,linmix_condnorm,96,3,0.184074,0.294203,
electricity,linmix_condnorm,96,4,0.185875,0.295312,
electricity,revin_all,336,0,0.25178,0.355939,
electricity,revin_all,336,1,0.257447,0.362401,
electricity,revin_all,336,2,0.245844,0.352857,
electricity,revin_all,336,3,0.233169,0.342127,
electricity,revin_all,336,4,0.240175,0.347439,
electricity,linmix_raw,336,0,0.247366,0.361596,
electricity,linmix_raw,336,1,0.258039,0.372935,
electricity,linmix_raw,336,2,0.232236,0.348787,
electricity,linmix_raw,336,3,0.248898,0.364664,
electricity,linmix_raw,336,4,0.242284,0.358568,
electricity,linmix_revin,336,0,0.172488,0.272905,
electricity,linmix_revin,336,1,0.171074,0.270559,
electricity,linmix_revin,336,2,0.200481,0.30942,
electricity,linmix_revin,336,3,0.172396,0.27288,
electricity,linmix_revin,336,4,0.201074,0.309008,
electricity,linmix_condnorm,336,0,0.21266,0.312672,
electricity,linmix_condnorm,336,1,0.210844,0.31122,
electricity,linmix_condnorm,336,2,0.209389,0.310058,
electricity,linmix_condnorm,336,3,0.208969,0.309133,
electricity,linmix_condnorm,336,4,0.211206,0.311165,
