dataset,arm,backbone,h,seed,variant,pinball,crps,cov80,cov_lo,cov_hi,val_cov80
jeju_wind,revin,rlinear_q,24,0,none,0.208409,0.416819,0.801657,0.081588,0.883245,0.789574
jeju_wind,revin,rlinear_q,24,0,pooled,0.208263,0.416526,0.812132,0.088258,0.90039,0.799988
jeju_wind,revin,rlinear_q,24,0,perstep,0.20819,0.41638,0.810981,0.089297,0.900279,0.800104
jeju_wind,revin,rlinear_q,24,1,none,0.208633,0.417266,0.781757,0.097189,0.878946,0.772863
jeju_wind,revin,rlinear_q,24,1,pooled,0.208519,0.417037,0.814987,0.08957,0.904557,0.799988
jeju_wind,revin,rlinear_q,24,1,perstep,0.208454,0.416909,0.81532,0.089862,0.905183,0.800056
jeju_wind,condnorm,rlinear_q,24,0,none,0.163078,0.326157,0.572213,0.210584,0.782796,0.539256
jeju_wind,condnorm,rlinear_q,24,0,pooled,0.159541,0.319081,0.827773,0.053413,0.881186,0.799988
jeju_wind,condnorm,rlinear_q,24,0,perstep,0.159294,0.318589,0.828732,0.053383,0.882114,0.799988
jeju_wind,raw,rlinear_q,24,0,none,0.205013,0.410025,0.817793,0.091376,0.909169,0.764214
jeju_wind,raw,rlinear_q,24,0,pooled,0.205433,0.410867,0.849106,0.075725,0.92483,0.799988
jeju_wind,raw,rlinear_q,24,0,perstep,0.205171,0.410343,0.848773,0.075462,0.924235,0.800191
jeju_wind,raw,rlinear_q,24,1,none,0.204501,0.409002,0.81854,0.089661,0.9082,0.765139
jeju_wind,raw,rlinear_q,24,1,pooled,0.204749,0.409497,0.848773,0.076653,0.925426,0.799988
jeju_wind,raw,rlinear_q,24,1,perstep,0.204288,0.408576,0.848642,0.075947,0.924588,0.800345
jeju_wind,raw,rlinear_q,24,2,none,0.204747,0.409493,0.829297,0.078752,0.908049,0.764194
jeju_wind,raw,rlinear_q,24,2,pooled,0.205242,0.410484,0.859853,0.067399,0.927252,0.799988
jeju_wind,raw,rlinear_q,24,2,perstep,0.205101,0.410203,0.859278,0.067359,0.926637,0.800249
jeju_wind,raw,rlinear_q,24,3,none,0.204931,0.409862,0.812041,0.099419,0.91146,0.762401
jeju_wind,raw,rlinear_q,24,3,pooled,0.205069,0.410138,0.84625,0.080851,0.927101,0.799988
jeju_wind,raw,rlinear_q,24,3,perstep,0.204974,0.409949,0.8462,0.080619,0.926818,0.800239
jeju_wind,raw,rlinear_q,24,4,none,0.203688,0.407376,0.802131,0.105665,0.907796,0.759845
jeju_wind,raw,rlinear_q,24,4,pooled,0.203515,0.407029,0.843132,0.080952,0.924084,0.800181
jeju_wind,raw,rlinear_q,24,4,perstep,0.203199,0.406397,0.843717,0.080104,0.923821,0.801001
jeju_wind,revin,rlinear_q,24,2,none,0.208463,0.416926,0.792696,0.086542,0.879238,0.781079
jeju_wind,revin,rlinear_q,24,2,pooled,0.208298,0.416595,0.815482,0.083565,0.899047,0.799988
jeju_wind,revin,rlinear_q,24,2,perstep,0.208185,0.416371,0.815694,0.083384,0.899078,0.800201
jeju_wind,revin,rlinear_q,24,3,none,0.208992,0.417984,0.777196,0.104596,0.881791,0.770289
jeju_wind,revin,rlinear_q,24,3,pooled,0.208918,0.417837,0.814594,0.086371,0.900965,0.799988
jeju_wind,revin,rlinear_q,24,3,perstep,0.208849,0.417698,0.814271,0.086603,0.900874,0.800046
jeju_wind,revin,rlinear_q,24,4,none,0.208625,0.417251,0.774512,0.102416,0.876927,0.762198
jeju_wind,revin,rlinear_q,24,4,pooled,0.208658,0.417316,0.821527,0.078802,0.900329,0.799988
jeju_wind,revin,rlinear_q,24,4,perstep,0.208638,0.417277,0.821486,0.079115,0.900601,0.800075
jeju_wind,san,rlinear_q,24,0,none,0.216985,0.433971,0.749445,0.129339,0.878784,0.702663
jeju_wind,san,rlinear_q,24,0,pooled,0.217238,0.434475,0.838238,0.075815,0.914053,0.799988
jeju_wind,san,rlinear_q,24,0,perstep,0.216901,0.433802,0.83739,0.075846,0.913236,0.800037
jeju_wind,san,rlinear_q,24,1,none,0.217648,0.435296,0.727436,0.145515,0.872951,0.680832
jeju_wind,san,rlinear_q,24,1,pooled,0.217574,0.435147,0.836795,0.079993,0.916788,0.799988
jeju_wind,san,rlinear_q,24,1,perstep,0.217208,0.434416,0.834332,0.082092,0.916424,0.800027
jeju_wind,san,rlinear_q,24,2,none,0.21722,0.434439,0.749808,0.127926,0.877735,0.702548
jeju_wind,san,rlinear_q,24,2,pooled,0.217575,0.435151,0.840236,0.075967,0.916202,0.799988
jeju_wind,san,rlinear_q,24,2,perstep,0.217286,0.434572,0.838409,0.076935,0.915345,0.800037
jeju_wind,san,rlinear_q,24,3,none,0.217256,0.434513,0.741977,0.134556,0.876534,0.709876
jeju_wind,san,rlinear_q,24,3,pooled,0.217202,0.434403,0.831487,0.082435,0.913922,0.799988
jeju_wind,san,rlinear_q,24,3,perstep,0.216931,0.433862,0.827763,0.084635,0.912398,0.800037
jeju_wind,san,rlinear_q,24,4,none,0.218883,0.437765,0.737023,0.139794,0.876806,0.685383
jeju_wind,san,rlinear_q,24,4,pooled,0.219237,0.438474,0.840962,0.073908,0.91487,0.799988
jeju_wind,san,rlinear_q,24,4,perstep,0.218969,0.437939,0.837693,0.074584,0.912277,0.800027
jeju_wind,fan,rlinear_q,24,0,none,0.246791,0.493582,0.392286,0.313777,0.706063,0.312659
jeju_wind,fan,rlinear_q,24,0,pooled,0.233345,0.466691,0.853475,0.063232,0.916707,0.799988
jeju_wind,fan,rlinear_q,24,0,perstep,0.23107,0.462139,0.852971,0.063999,0.916969,0.799902
jeju_wind,fan,rlinear_q,24,1,none,0.248064,0.496127,0.503784,0.287418,0.791202,0.423841
jeju_wind,fan,rlinear_q,24,1,pooled,0.240106,0.480212,0.846058,0.067208,0.913266,0.799988
jeju_wind,fan,rlinear_q,24,1,perstep,0.238133,0.476266,0.847037,0.065421,0.912459,0.799998
jeju_wind,fan,rlinear_q,24,2,none,0.245988,0.491975,0.369409,0.338611,0.708021,0.314414
jeju_wind,fan,rlinear_q,24,2,pooled,0.231021,0.462042,0.846845,0.071809,0.918655,0.799988
jeju_wind,fan,rlinear_q,24,2,perstep,0.227615,0.45523,0.847512,0.070205,0.917716,0.799931
jeju_wind,fan,rlinear_q,24,3,none,0.252285,0.50457,0.457758,0.346089,0.803847,0.39121
jeju_wind,fan,rlinear_q,24,3,pooled,0.239644,0.479288,0.854979,0.065623,0.920602,0.799988
jeju_wind,fan,rlinear_q,24,3,perstep,0.237276,0.474552,0.856412,0.065008,0.92142,0.79995
jeju_wind,fan,rlinear_q,24,4,none,0.255125,0.510249,0.334746,0.404154,0.7389,0.294704
jeju_wind,fan,rlinear_q,24,4,pooled,0.23533,0.47066,0.854848,0.068136,0.922984,0.799988
jeju_wind,fan,rlinear_q,24,4,perstep,0.231341,0.462682,0.854767,0.067127,0.921894,0.79995
jeju_wind,condnorm,rlinear_q,24,1,none,0.164448,0.328896,0.577793,0.210029,0.787822,0.554656
jeju_wind,condnorm,rlinear_q,24,1,pooled,0.160865,0.32173,0.823121,0.056097,0.879218,0.799988
jeju_wind,condnorm,rlinear_q,24,1,perstep,0.160632,0.321264,0.823605,0.055764,0.87937,0.79996
jeju_wind,condnorm,rlinear_q,24,2,none,0.166086,0.332173,0.568701,0.210574,0.779275,0.555919
jeju_wind,condnorm,rlinear_q,24,2,pooled,0.161975,0.323949,0.817006,0.056884,0.87389,0.799988
jeju_wind,condnorm,rlinear_q,24,2,perstep,0.161646,0.323293,0.818126,0.056511,0.874637,0.799998
jeju_wind,condnorm,rlinear_q,24,3,none,0.164757,0.329514,0.548852,0.222966,0.771817,0.531715
jeju_wind,condnorm,rlinear_q,24,3,pooled,0.160341,0.320681,0.823222,0.053756,0.876978,0.799988
jeju_wind,condnorm,rlinear_q,24,3,perstep,0.159994,0.319989,0.825028,0.053241,0.87827,0.800008
jeju_wind,condnorm,rlinear_q,24,4,none,0.166089,0.332177,0.549215,0.221876,0.771091,0.541532
jeju_wind,condnorm,rlinear_q,24,4,pooled,0.161699,0.323399,0.814029,0.056723,0.870752,0.799988
jeju_wind,condnorm,rlinear_q,24,4,perstep,0.161524,0.323049,0.815149,0.057318,0.872467,0.800008
jeju_wind,raw,rlinear_q,48,0,none,0.24164,0.48328,0.768814,0.108553,0.877367,0.72921
jeju_wind,raw,rlinear_q,48,0,pooled,0.240616,0.481233,0.833307,0.082124,0.915431,0.800006
jeju_wind,raw,rlinear_q,48,0,perstep,0.239915,0.479831,0.83449,0.081424,0.915915,0.800311
jeju_wind,raw,rlinear_q,48,1,none,0.2432,0.486399,0.754634,0.122312,0.876946,0.714772
jeju_wind,raw,rlinear_q,48,1,pooled,0.242087,0.484175,0.836263,0.08226,0.918523,0.800142
jeju_wind,raw,rlinear_q,48,1,perstep,0.241758,0.483516,0.837883,0.081235,0.919118,0.800694
jeju_wind,raw,rlinear_q,48,2,none,0.243777,0.487555,0.751531,0.116327,0.867857,0.702326
jeju_wind,raw,rlinear_q,48,2,pooled,0.243168,0.486337,0.842022,0.073387,0.91541,0.799996
jeju_wind,raw,rlinear_q,48,2,perstep,0.242659,0.485318,0.842985,0.073582,0.916567,0.799952
jeju_wind,raw,rlinear_q,48,3,none,0.237066,0.474133,0.793155,0.103609,0.896764,0.747125
jeju_wind,raw,rlinear_q,48,3,pooled,0.236272,0.472543,0.842648,0.081724,0.924372,0.800486
jeju_wind,raw,rlinear_q,48,3,perstep,0.236107,0.472215,0.844715,0.080546,0.925261,0.801014
jeju_wind,raw,rlinear_q,48,4,none,0.245663,0.491325,0.779391,0.094836,0.874222,0.724178
jeju_wind,raw,rlinear_q,48,4,pooled,0.24578,0.49156,0.848865,0.064115,0.91298,0.799996
jeju_wind,raw,rlinear_q,48,4,perstep,0.245669,0.491338,0.846956,0.066545,0.9135,0.800093
jeju_wind,revin,rlinear_q,48,0,none,0.246007,0.492014,0.808203,0.084212,0.892415,0.785587
jeju_wind,revin,rlinear_q,48,0,pooled,0.245951,0.491903,0.823303,0.077606,0.900909,0.80002
jeju_wind,revin,rlinear_q,48,0,perstep,0.245933,0.491867,0.822825,0.077716,0.900541,0.800209
jeju_wind,revin,rlinear_q,48,1,none,0.248502,0.497003,0.811338,0.082003,0.89334,0.790959
jeju_wind,revin,rlinear_q,48,1,pooled,0.248218,0.496436,0.821683,0.074655,0.896338,0.800016
jeju_wind,revin,rlinear_q,48,1,perstep,0.248142,0.496283,0.821736,0.074634,0.89637,0.800035
jeju_wind,revin,rlinear_q,48,2,none,0.247686,0.495372,0.805568,0.082692,0.888259,0.7727
jeju_wind,revin,rlinear_q,48,2,pooled,0.247668,0.495335,0.83297,0.06585,0.898821,0.799996
jeju_wind,revin,rlinear_q,48,2,perstep,0.247568,0.495135,0.83297,0.065866,0.898837,0.799962
jeju_wind,revin,rlinear_q,48,3,none,0.242919,0.485838,0.805689,0.084117,0.889806,0.781005
jeju_wind,revin,rlinear_q,48,3,pooled,0.242621,0.485242,0.825817,0.077448,0.903265,0.800282
jeju_wind,revin,rlinear_q,48,3,perstep,0.24242,0.48484,0.826065,0.076901,0.902965,0.800428
jeju_wind,revin,rlinear_q,48,4,none,0.249198,0.498396,0.80105,0.087772,0.888822,0.788443
jeju_wind,revin,rlinear_q,48,4,pooled,0.249135,0.498269,0.81412,0.079641,0.893761,0.800001
jeju_wind,revin,rlinear_q,48,4,perstep,0.249095,0.498189,0.814367,0.079662,0.894029,0.800054
jeju_wind,san,rlinear_q,48,0,none,0.255611,0.511222,0.707381,0.158662,0.866043,0.633858
jeju_wind,san,rlinear_q,48,0,pooled,0.255233,0.510466,0.85414,0.063073,0.917214,0.799996
jeju_wind,san,rlinear_q,48,0,perstep,0.254743,0.509486,0.854161,0.063641,0.917803,0.79986
jeju_wind,san,rlinear_q,48,1,none,0.25864,0.517281,0.7115,0.154291,0.86579,0.629014
jeju_wind,san,rlinear_q,48,1,pooled,0.258668,0.517335,0.859621,0.058845,0.918465,0.799996
jeju_wind,san,rlinear_q,48,1,perstep,0.258192,0.516384,0.861483,0.057735,0.919218,0.79986
jeju_wind,san,rlinear_q,48,2,none,0.255812,0.511625,0.712047,0.154775,0.866821,0.634236
jeju_wind,san,rlinear_q,48,2,pooled,0.255889,0.511779,0.858343,0.058119,0.916462,0.799996
jeju_wind,san,rlinear_q,48,2,perstep,0.255478,0.510957,0.856986,0.05967,0.916656,0.79986
jeju_wind,san,rlinear_q,48,3,none,0.253809,0.507617,0.705646,0.158141,0.863787,0.63458
jeju_wind,san,rlinear_q,48,3,pooled,0.253297,0.506594,0.853951,0.06099,0.914942,0.799996
jeju_wind,san,rlinear_q,48,3,perstep,0.252793,0.505586,0.853441,0.062205,0.915646,0.79986
jeju_wind,san,rlinear_q,48,4,none,0.254919,0.509838,0.71404,0.151125,0.865165,0.630847
jeju_wind,san,rlinear_q,48,4,pooled,0.255046,0.510092,0.856249,0.061059,0.917308,0.799996
jeju_wind,san,rlinear_q,48,4,perstep,0.254544,0.509088,0.856807,0.061411,0.918218,0.79986
jeju_wind,fan,rlinear_q,48,0,none,0.312293,0.624587,0.285918,0.417345,0.703263,0.246325
jeju_wind,fan,rlinear_q,48,0,pooled,0.281796,0.563592,0.833738,0.085627,0.919365,0.799996
jeju_wind,fan,rlinear_q,48,0,perstep,0.277313,0.554626,0.834617,0.085716,0.920333,0.79986
jeju_wind,fan,rlinear_q,48,1,none,0.314913,0.629826,0.422021,0.301018,0.723039,0.359941
jeju_wind,fan,rlinear_q,48,1,pooled,0.297762,0.595525,0.824713,0.086242,0.910955,0.799996
jeju_wind,fan,rlinear_q,48,1,perstep,0.295203,0.590405,0.824229,0.087515,0.911744,0.79986
jeju_wind,fan,rlinear_q,48,2,none,0.320056,0.640113,0.395812,0.357338,0.753151,0.337934
jeju_wind,fan,rlinear_q,48,2,pooled,0.300826,0.601653,0.821888,0.104793,0.926681,0.799996
jeju_wind,fan,rlinear_q,48,2,perstep,0.29784,0.595681,0.828631,0.099628,0.928259,0.79986
jeju_wind,fan,rlinear_q,48,3,none,0.336121,0.672242,0.443522,0.301923,0.745445,0.410538
jeju_wind,fan,rlinear_q,48,3,pooled,0.317847,0.635693,0.813031,0.09511,0.908141,0.799996
jeju_wind,fan,rlinear_q,48,3,perstep,0.315303,0.630607,0.816702,0.093663,0.910366,0.79986
jeju_wind,fan,rlinear_q,48,4,none,0.309051,0.618102,0.277697,0.424772,0.702469,0.248429
jeju_wind,fan,rlinear_q,48,4,pooled,0.277495,0.55499,0.83225,0.086615,0.918865,0.799996
jeju_wind,fan,rlinear_q,48,4,perstep,0.27441,0.54882,0.833386,0.085584,0.91897,0.79986
jeju_wind,condnorm,rlinear_q,48,0,none,0.165047,0.330094,0.586331,0.209696,0.796027,0.544527
jeju_wind,condnorm,rlinear_q,48,0,pooled,0.161274,0.322549,0.834811,0.050897,0.885709,0.799996
jeju_wind,condnorm,rlinear_q,48,0,perstep,0.161278,0.322557,0.833917,0.050587,0.884504,0.79986
jeju_wind,condnorm,rlinear_q,48,1,none,0.165792,0.331585,0.58306,0.220083,0.803143,0.555087
jeju_wind,condnorm,rlinear_q,48,1,pooled,0.161611,0.323223,0.830998,0.057346,0.888344,0.799996
jeju_wind,condnorm,rlinear_q,48,1,perstep,0.161576,0.323153,0.830967,0.056646,0.887613,0.79986
jeju_wind,condnorm,rlinear_q,48,2,none,0.164259,0.328519,0.588735,0.213714,0.802449,0.544101
jeju_wind,condnorm,rlinear_q,48,2,pooled,0.160641,0.321282,0.837152,0.052612,0.889764,0.799996
jeju_wind,condnorm,rlinear_q,48,2,perstep,0.160592,0.321184,0.83742,0.052512,0.889932,0.79986
jeju_wind,condnorm,rlinear_q,48,3,none,0.164893,0.329787,0.589934,0.210442,0.800377,0.551199
jeju_wind,condnorm,rlinear_q,48,3,pooled,0.161327,0.322654,0.833123,0.052775,0.885898,0.799996
jeju_wind,condnorm,rlinear_q,48,3,perstep,0.161291,0.322582,0.833323,0.052701,0.886024,0.79986
jeju_wind,condnorm,rlinear_q,48,4,none,0.164233,0.328466,0.595236,0.209785,0.805021,0.544493
jeju_wind,condnorm,rlinear_q,48,4,pooled,0.160887,0.321774,0.839093,0.051402,0.890495,0.799996
jeju_wind,condnorm,rlinear_q,48,4,perstep,0.160855,0.32171,0.839797,0.05085,0.890647,0.79986
gefcom_wind,raw,rlinear_q,24,0,none,0.272644,0.545289,0.762661,0.088424,0.851085,0.772268
gefcom_wind,raw,rlinear_q,24,0,pooled,0.273312,0.546623,0.788317,0.076969,0.865287,0.799965
gefcom_wind,raw,rlinear_q,24,0,perstep,0.274118,0.548236,0.784968,0.079314,0.864282,0.800053
gefcom_wind,raw,rlinear_q,24,1,none,0.26765,0.5353,0.759847,0.098339,0.858186,0.754215
gefcom_wind,raw,rlinear_q,24,1,pooled,0.267823,0.535646,0.801514,0.085343,0.886857,0.799965
gefcom_wind,raw,rlinear_q,24,1,perstep,0.268127,0.536254,0.800844,0.088089,0.888934,0.799921
gefcom_wind,raw,rlinear_q,24,2,none,0.280069,0.560137,0.763264,0.086817,0.85008,0.774431
gefcom_wind,raw,rlinear_q,24,2,pooled,0.280061,0.560121,0.786643,0.081324,0.867966,0.799965
gefcom_wind,raw,rlinear_q,24,2,perstep,0.280485,0.560969,0.783896,0.080922,0.864818,0.799854
gefcom_wind,raw,rlinear_q,24,3,none,0.281206,0.562412,0.708266,0.111267,0.819534,0.747948
gefcom_wind,raw,rlinear_q,24,3,pooled,0.281223,0.562445,0.761723,0.093449,0.855171,0.799965
gefcom_wind,raw,rlinear_q,24,3,perstep,0.281535,0.56307,0.763063,0.093382,0.856444,0.800097
gefcom_wind,raw,rlinear_q,24,4,none,0.281996,0.563993,0.703577,0.115622,0.819199,0.721354
gefcom_wind,raw,rlinear_q,24,4,pooled,0.281679,0.563358,0.775523,0.086951,0.862473,0.799965
gefcom_wind,raw,rlinear_q,24,4,perstep,0.281683,0.563366,0.776058,0.087956,0.864014,0.80045
gefcom_wind,revin,rlinear_q,24,0,none,0.275336,0.550672,0.76802,0.141144,0.909164,0.79789
gefcom_wind,revin,rlinear_q,24,0,pooled,0.275404,0.550809,0.771302,0.15414,0.925442,0.800163
gefcom_wind,revin,rlinear_q,24,0,perstep,0.275422,0.550845,0.7709,0.155413,0.926313,0.80023
gefcom_wind,revin,rlinear_q,24,1,none,0.277835,0.555669,0.75824,0.135785,0.894025,0.794469
gefcom_wind,revin,rlinear_q,24,1,pooled,0.277712,0.555425,0.76601,0.151594,0.917605,0.799965
gefcom_wind,revin,rlinear_q,24,1,perstep,0.277802,0.555604,0.768355,0.151125,0.91948,0.80023
gefcom_wind,revin,rlinear_q,24,2,none,0.27009,0.540181,0.775255,0.13123,0.906484,0.795749
gefcom_wind,revin,rlinear_q,24,2,pooled,0.270512,0.541023,0.78202,0.145766,0.927787,0.80023
gefcom_wind,revin,rlinear_q,24,2,perstep,0.270481,0.540963,0.783628,0.144829,0.928457,0.800185
gefcom_wind,revin,rlinear_q,24,3,none,0.281857,0.563714,0.74645,0.143556,0.890005,0.808594
gefcom_wind,revin,rlinear_q,24,3,pooled,0.281799,0.563598,0.738813,0.15903,0.897843,0.800075
gefcom_wind,revin,rlinear_q,24,3,perstep,0.281958,0.563916,0.740287,0.158896,0.899183,0.800053
gefcom_wind,revin,rlinear_q,24,4,none,0.28054,0.561079,0.72642,0.157623,0.884043,0.782133
gefcom_wind,revin,rlinear_q,24,4,pooled,0.28024,0.56048,0.746517,0.156886,0.903403,0.799965
gefcom_wind,revin,rlinear_q,24,4,perstep,0.280354,0.560707,0.744976,0.158695,0.903671,0.799943
gefcom_wind,san,rlinear_q,24,0,none,0.281812,0.563625,0.579247,0.223473,0.80272,0.633761
gefcom_wind,san,rlinear_q,24,0,pooled,0.277055,0.55411,0.756632,0.152197,0.908829,0.799965
gefcom_wind,san,rlinear_q,24,0,perstep,0.27621,0.552419,0.761924,0.148915,0.910839,0.799788
gefcom_wind,san,rlinear_q,24,1,none,0.28641,0.57282,0.594319,0.212018,0.806337,0.647422
gefcom_wind,san,rlinear_q,24,1,pooled,0.282087,0.564174,0.748392,0.151996,0.900389,0.799965
gefcom_wind,san,rlinear_q,24,1,perstep,0.281502,0.563003,0.749799,0.148848,0.898647,0.799788
gefcom_wind,san,rlinear_q,24,2,none,0.287285,0.574569,0.574491,0.224611,0.799102,0.641596
gefcom_wind,san,rlinear_q,24,2,pooled,0.282126,0.564252,0.737339,0.153537,0.890876,0.799965
gefcom_wind,san,rlinear_q,24,2,perstep,0.281632,0.563264,0.736535,0.150991,0.887527,0.799788
gefcom_wind,san,rlinear_q,24,3,none,0.287015,0.574031,0.571008,0.232382,0.80339,0.651174
gefcom_wind,san,rlinear_q,24,3,pooled,0.282393,0.564786,0.740622,0.159968,0.900589,0.799965
gefcom_wind,san,rlinear_q,24,3,perstep,0.281892,0.563784,0.741492,0.158628,0.900121,0.799788
gefcom_wind,san,rlinear_q,24,4,none,0.285171,0.570342,0.606444,0.198821,0.805265,0.643273
gefcom_wind,san,rlinear_q,24,4,pooled,0.281149,0.562297,0.763398,0.138599,0.901996,0.799965
gefcom_wind,san,rlinear_q,24,4,perstep,0.280507,0.561013,0.76467,0.137058,0.901728,0.799788
gefcom_wind,fan,rlinear_q,24,0,none,0.360911,0.721822,0.209673,0.350147,0.55982,0.245608
gefcom_wind,fan,rlinear_q,24,0,pooled,0.312819,0.625638,0.761321,0.142886,0.904207,0.799965
gefcom_wind,fan,rlinear_q,24,0,perstep,0.310812,0.621624,0.754488,0.14858,0.903068,0.799788
gefcom_wind,fan,rlinear_q,24,1,none,0.365809,0.731617,0.218583,0.411643,0.630225,0.223208
gefcom_wind,fan,rlinear_q,24,1,pooled,0.319902,0.639804,0.75288,0.141747,0.894628,0.799965
gefcom_wind,fan,rlinear_q,24,1,perstep,0.319481,0.638963,0.738344,0.151326,0.88967,0.799788
gefcom_wind,fan,rlinear_q,24,2,none,0.368751,0.737503,0.211817,0.371115,0.582931,0.237994
gefcom_wind,fan,rlinear_q,24,2,pooled,0.323203,0.646406,0.746115,0.130962,0.877077,0.799965
gefcom_wind,fan,rlinear_q,24,2,perstep,0.321041,0.642082,0.730238,0.138465,0.868703,0.799788
gefcom_wind,fan,rlinear_q,24,3,none,0.370481,0.740962,0.207061,0.344252,0.551313,0.240091
gefcom_wind,fan,rlinear_q,24,3,pooled,0.319761,0.639522,0.766077,0.125067,0.891144,0.799965
gefcom_wind,fan,rlinear_q,24,3,perstep,0.318572,0.637143,0.744574,0.138599,0.883173,0.799788
gefcom_wind,fan,rlinear_q,24,4,none,0.35986,0.71972,0.227224,0.346329,0.573553,0.223627
gefcom_wind,fan,rlinear_q,24,4,pooled,0.317119,0.634238,0.779207,0.112205,0.891412,0.799965
gefcom_wind,fan,rlinear_q,24,4,perstep,0.315309,0.630618,0.772843,0.117899,0.890742,0.799788
gefcom_wind,condnorm,rlinear_q,24,0,none,0.134831,0.269662,0.471932,0.24444,0.716372,0.48848
gefcom_wind,condnorm,rlinear_q,24,0,pooled,0.127325,0.254651,0.822816,0.123995,0.946811,0.799965
gefcom_wind,condnorm,rlinear_q,24,0,perstep,0.127369,0.254738,0.822414,0.124531,0.946945,0.799788
gefcom_wind,condnorm,rlinear_q,24,1,none,0.134494,0.268988,0.462621,0.249129,0.71175,0.500331
gefcom_wind,condnorm,rlinear_q,24,1,pooled,0.126734,0.253469,0.813036,0.131364,0.9444,0.799965
gefcom_wind,condnorm,rlinear_q,24,1,perstep,0.126681,0.253361,0.813706,0.13123,0.944936,0.799788
gefcom_wind,condnorm,rlinear_q,24,2,none,0.134249,0.268498,0.462152,0.250335,0.712487,0.483272
gefcom_wind,condnorm,rlinear_q,24,2,pooled,0.126394,0.252789,0.824625,0.122454,0.947079,0.799965
gefcom_wind,condnorm,rlinear_q,24,2,perstep,0.126353,0.252706,0.825094,0.121852,0.946945,0.799788
gefcom_wind,condnorm,rlinear_q,24,3,none,0.134225,0.26845,0.476621,0.235798,0.71242,0.489363
gefcom_wind,condnorm,rlinear_q,24,3,pooled,0.126186,0.252373,0.831994,0.114081,0.946074,0.799965
gefcom_wind,condnorm,rlinear_q,24,3,perstep,0.126138,0.252276,0.830185,0.115287,0.945472,0.799788
gefcom_wind,condnorm,rlinear_q,24,4,none,0.134343,0.268686,0.470927,0.245445,0.716372,0.492496
gefcom_wind,condnorm,rlinear_q,24,4,pooled,0.126659,0.253317,0.819467,0.125,0.944467,0.799965
gefcom_wind,condnorm,rlinear_q,24,4,perstep,0.126581,0.253161,0.818395,0.124866,0.943261,0.799788
gefcom_wind,raw,rlinear_q,96,0,none,0.325418,0.650836,0.771313,0.072568,0.843881,0.730046
gefcom_wind,raw,rlinear_q,96,0,pooled,0.329671,0.659342,0.833203,0.053347,0.88655,0.8
gefcom_wind,raw,rlinear_q,96,0,perstep,0.331754,0.663508,0.832222,0.055461,0.887683,0.800091
gefcom_wind,raw,rlinear_q,96,1,none,0.331364,0.662728,0.765429,0.079629,0.845058,0.731126
gefcom_wind,raw,rlinear_q,96,1,pooled,0.333326,0.666652,0.828365,0.062413,0.890778,0.8
gefcom_wind,raw,rlinear_q,96,1,perstep,0.335581,0.671162,0.823461,0.064723,0.888184,0.800156
gefcom_wind,raw,rlinear_q,96,2,none,0.317955,0.63591,0.768502,0.08281,0.851312,0.722148
gefcom_wind,raw,rlinear_q,96,2,pooled,0.321973,0.643947,0.839522,0.066444,0.905967,0.8
gefcom_wind,raw,rlinear_q,96,2,perstep,0.323575,0.647149,0.83414,0.067687,0.901826,0.800078
gefcom_wind,raw,rlinear_q,96,3,none,0.326909,0.653819,0.78441,0.068493,0.852903,0.715658
gefcom_wind,raw,rlinear_q,96,3,pooled,0.33387,0.66774,0.860029,0.04742,0.907449,0.8
gefcom_wind,raw,rlinear_q,96,3,perstep,0.337983,0.675965,0.854385,0.050754,0.905139,0.80013
gefcom_wind,raw,rlinear_q,96,4,none,0.324809,0.649617,0.758564,0.073265,0.83183,0.708262
gefcom_wind,raw,rlinear_q,96,4,pooled,0.330055,0.660111,0.838454,0.050405,0.88886,0.8
gefcom_wind,raw,rlinear_q,96,4,perstep,0.332352,0.664705,0.83427,0.053434,0.887705,0.800189
gefcom_wind,revin,rlinear_q,96,0,none,0.315822,0.631645,0.792364,0.132584,0.924948,0.785729
gefcom_wind,revin,rlinear_q,96,0,pooled,0.316775,0.633551,0.81104,0.149538,0.960578,0.800378
gefcom_wind,revin,rlinear_q,96,0,perstep,0.317776,0.635551,0.807117,0.15017,0.957287,0.800632
gefcom_wind,revin,rlinear_q,96,1,none,0.31962,0.639241,0.786415,0.136593,0.923008,0.788509
gefcom_wind,revin,rlinear_q,96,1,pooled,0.320931,0.641861,0.80557,0.153679,0.959249,0.800312
gefcom_wind,revin,rlinear_q,96,1,perstep,0.322481,0.644962,0.805723,0.152153,0.957876,0.800469
gefcom_wind,revin,rlinear_q,96,2,none,0.323233,0.646467,0.773274,0.142368,0.915642,0.7714
gefcom_wind,revin,rlinear_q,96,2,pooled,0.324415,0.648829,0.806333,0.152371,0.958704,0.800299
gefcom_wind,revin,rlinear_q,96,2,perstep,0.325204,0.650407,0.805287,0.152589,0.957876,0.800501
gefcom_wind,revin,rlinear_q,96,3,none,0.317458,0.634917,0.778984,0.141083,0.920066,0.774115
gefcom_wind,revin,rlinear_q,96,3,pooled,0.319504,0.639007,0.812108,0.152763,0.964871,0.800736
gefcom_wind,revin,rlinear_q,96,3,perstep,0.32057,0.641139,0.812435,0.152872,0.965307,0.801107
gefcom_wind,revin,rlinear_q,96,4,none,0.32153,0.64306,0.782165,0.138664,0.920829,0.771296
gefcom_wind,revin,rlinear_q,96,4,pooled,0.322878,0.645756,0.81566,0.146531,0.962191,0.8
gefcom_wind,revin,rlinear_q,96,4,perstep,0.323604,0.647207,0.811389,0.147599,0.958987,0.800228
gefcom_wind,san,rlinear_q,96,0,none,0.322436,0.644871,0.565202,0.220886,0.786088,0.598151
gefcom_wind,san,rlinear_q,96,0,pooled,0.316194,0.632387,0.77809,0.149473,0.927563,0.8
gefcom_wind,san,rlinear_q,96,0,perstep,0.317002,0.634004,0.768959,0.156315,0.925275,0.8
gefcom_wind,san,rlinear_q,96,1,none,0.322242,0.644485,0.558468,0.225898,0.784366,0.599225
gefcom_wind,san,rlinear_q,96,1,pooled,0.315617,0.631233,0.765734,0.153395,0.919129,0.8
gefcom_wind,san,rlinear_q,96,1,perstep,0.316634,0.633269,0.760635,0.157754,0.918388,0.8
gefcom_wind,san,rlinear_q,96,2,none,0.327873,0.655747,0.553434,0.230736,0.78417,0.604564
gefcom_wind,san,rlinear_q,96,2,pooled,0.321054,0.642108,0.75377,0.163485,0.917255,0.8
gefcom_wind,san,rlinear_q,96,2,perstep,0.322311,0.644623,0.750305,0.167996,0.918301,0.8
gefcom_wind,san,rlinear_q,96,3,none,0.323708,0.647417,0.569997,0.221169,0.791165,0.602298
gefcom_wind,san,rlinear_q,96,3,pooled,0.317939,0.635877,0.775431,0.149255,0.924686,0.8
gefcom_wind,san,rlinear_q,96,3,perstep,0.319134,0.638268,0.767303,0.154616,0.921919,0.8
gefcom_wind,san,rlinear_q,96,4,none,0.321213,0.642426,0.562565,0.224786,0.787352,0.605072
gefcom_wind,san,rlinear_q,96,4,pooled,0.315091,0.630183,0.76569,0.156882,0.922572,0.8
gefcom_wind,san,rlinear_q,96,4,perstep,0.316027,0.632055,0.763119,0.159976,0.923095,0.8
gefcom_wind,fan,rlinear_q,96,0,none,0.437244,0.874488,0.181311,0.413136,0.594447,0.182409
gefcom_wind,fan,rlinear_q,96,0,pooled,0.376551,0.753102,0.757148,0.147751,0.904899,0.8
gefcom_wind,fan,rlinear_q,96,0,perstep,0.375633,0.751267,0.750545,0.150017,0.900562,0.8
gefcom_wind,fan,rlinear_q,96,1,none,0.454012,0.908024,0.191096,0.424861,0.615956,0.171263
gefcom_wind,fan,rlinear_q,96,1,pooled,0.394238,0.788475,0.748758,0.158495,0.907252,0.8
gefcom_wind,fan,rlinear_q,96,1,perstep,0.394905,0.789811,0.739997,0.161698,0.901695,0.8
gefcom_wind,fan,rlinear_q,96,2,none,0.451105,0.90221,0.176037,0.418432,0.594469,0.174368
gefcom_wind,fan,rlinear_q,96,2,pooled,0.387654,0.775309,0.748954,0.148536,0.89749,0.8
gefcom_wind,fan,rlinear_q,96,2,perstep,0.388032,0.776063,0.737927,0.155291,0.893218,0.8
gefcom_wind,fan,rlinear_q,96,3,none,0.416588,0.833176,0.187827,0.410412,0.598239,0.173118
gefcom_wind,fan,rlinear_q,96,3,pooled,0.359602,0.719205,0.778112,0.129772,0.907884,0.8
gefcom_wind,fan,rlinear_q,96,3,perstep,0.362566,0.725133,0.763119,0.140625,0.903744,0.8
gefcom_wind,fan,rlinear_q,96,4,none,0.435844,0.871688,0.191924,0.407427,0.599351,0.167754
gefcom_wind,fan,rlinear_q,96,4,pooled,0.378837,0.757674,0.758826,0.141671,0.900497,0.8
gefcom_wind,fan,rlinear_q,96,4,perstep,0.379483,0.758966,0.752332,0.143436,0.895768,0.8
gefcom_wind,condnorm,rlinear_q,96,0,none,0.134477,0.268954,0.480017,0.268611,0.748627,0.492389
gefcom_wind,condnorm,rlinear_q,96,0,pooled,0.129511,0.259021,0.814919,0.145812,0.96073,0.8
gefcom_wind,condnorm,rlinear_q,96,0,perstep,0.12971,0.25942,0.81287,0.147359,0.960229,0.8
gefcom_wind,condnorm,rlinear_q,96,1,none,0.133634,0.267269,0.490564,0.263969,0.754533,0.499557
gefcom_wind,condnorm,rlinear_q,96,1,pooled,0.128794,0.257588,0.817861,0.142238,0.960099,0.8
gefcom_wind,condnorm,rlinear_q,96,1,perstep,0.128958,0.257915,0.816379,0.143523,0.959902,0.8
gefcom_wind,condnorm,rlinear_q,96,2,none,0.132893,0.265787,0.489888,0.266911,0.756799,0.501406
gefcom_wind,condnorm,rlinear_q,96,2,pooled,0.128385,0.25677,0.815616,0.145267,0.960883,0.8
gefcom_wind,condnorm,rlinear_q,96,2,perstep,0.128632,0.257265,0.813306,0.146858,0.960164,0.8
gefcom_wind,condnorm,rlinear_q,96,3,none,0.133392,0.266783,0.480649,0.269526,0.750174,0.492116
gefcom_wind,condnorm,rlinear_q,96,3,pooled,0.128544,0.257089,0.816575,0.145049,0.961624,0.8
gefcom_wind,condnorm,rlinear_q,96,3,perstep,0.128836,0.257671,0.813045,0.147468,0.960513,0.8
gefcom_wind,condnorm,rlinear_q,96,4,none,0.133294,0.266588,0.490934,0.265974,0.756908,0.503262
gefcom_wind,condnorm,rlinear_q,96,4,pooled,0.129026,0.258051,0.812456,0.149189,0.961646,0.8
gefcom_wind,condnorm,rlinear_q,96,4,perstep,0.129299,0.258597,0.809406,0.151717,0.961123,0.8
gefcom_wind,raw,rlinear_q,336,0,none,0.35964,0.71928,0.754939,0.070067,0.825006,0.675092
gefcom_wind,raw,rlinear_q,336,0,pooled,0.390993,0.781987,0.847644,0.031852,0.879496,0.8
gefcom_wind,raw,rlinear_q,336,0,perstep,0.398333,0.796666,0.838463,0.036759,0.875222,0.799179
gefcom_wind,raw,rlinear_q,336,1,none,0.356048,0.712095,0.760385,0.074341,0.834726,0.695028
gefcom_wind,raw,rlinear_q,336,1,pooled,0.387081,0.774162,0.849322,0.041097,0.890419,0.800005
gefcom_wind,raw,rlinear_q,336,1,perstep,0.395523,0.791046,0.831307,0.045308,0.876615,0.799284
gefcom_wind,raw,rlinear_q,336,2,none,0.358057,0.716113,0.771087,0.065191,0.836278,0.695747
gefcom_wind,raw,rlinear_q,336,2,pooled,0.38701,0.77402,0.851697,0.032105,0.883802,0.800005
gefcom_wind,raw,rlinear_q,336,2,perstep,0.394246,0.788493,0.836373,0.035461,0.871834,0.799243
gefcom_wind,raw,rlinear_q,336,3,none,0.365924,0.731848,0.764089,0.052717,0.816806,0.696787
gefcom_wind,raw,rlinear_q,336,3,pooled,0.402437,0.804874,0.841724,0.024791,0.866515,0.800011
gefcom_wind,raw,rlinear_q,336,3,perstep,0.412079,0.824159,0.822822,0.029065,0.851887,0.799362
gefcom_wind,raw,rlinear_q,336,4,none,0.354866,0.709733,0.785778,0.064843,0.850621,0.7157
gefcom_wind,raw,rlinear_q,336,4,pooled,0.382418,0.764836,0.848278,0.036253,0.88453,0.800038
gefcom_wind,raw,rlinear_q,336,4,perstep,0.389966,0.779932,0.83213,0.038944,0.871074,0.799424
gefcom_wind,revin,rlinear_q,336,0,none,0.344192,0.688384,0.835075,0.136113,0.971188,0.771868
gefcom_wind,revin,rlinear_q,336,0,pooled,0.35072,0.70144,0.852964,0.128388,0.981351,0.801261
gefcom_wind,revin,rlinear_q,336,0,perstep,0.359216,0.718431,0.837481,0.130382,0.967863,0.800878
gefcom_wind,revin,rlinear_q,336,1,none,0.34452,0.689039,0.849354,0.125063,0.974417,0.778445
gefcom_wind,revin,rlinear_q,336,1,pooled,0.350619,0.701238,0.862209,0.120029,0.982238,0.8015
gefcom_wind,revin,rlinear_q,336,1,perstep,0.359727,0.719455,0.848563,0.12291,0.971473,0.80139
gefcom_wind,revin,rlinear_q,336,2,none,0.345561,0.691122,0.83156,0.136651,0.968212,0.772414
gefcom_wind,revin,rlinear_q,336,2,pooled,0.352179,0.704359,0.849861,0.130256,0.980117,0.801392
gefcom_wind,revin,rlinear_q,336,2,perstep,0.360574,0.721147,0.833238,0.131776,0.965014,0.801322
gefcom_wind,revin,rlinear_q,336,3,none,0.338558,0.677115,0.840932,0.129686,0.970618,0.777152
gefcom_wind,revin,rlinear_q,336,3,pooled,0.343416,0.686833,0.855338,0.124525,0.979863,0.80153
gefcom_wind,revin,rlinear_q,336,3,perstep,0.353481,0.706963,0.839412,0.127786,0.967199,0.801096
gefcom_wind,revin,rlinear_q,336,4,none,0.341666,0.683332,0.839602,0.131807,0.97141,0.775094
gefcom_wind,revin,rlinear_q,336,4,pooled,0.347938,0.695875,0.854642,0.125855,0.980496,0.801479
gefcom_wind,revin,rlinear_q,336,4,perstep,0.357138,0.714277,0.840584,0.12728,0.967863,0.801212
gefcom_wind,san,rlinear_q,336,0,none,0.352399,0.704798,0.553761,0.239108,0.79287,0.55097
gefcom_wind,san,rlinear_q,336,0,pooled,0.349815,0.699631,0.783181,0.139881,0.923062,0.8
gefcom_wind,san,rlinear_q,336,0,perstep,0.359589,0.719179,0.760638,0.146657,0.907295,0.799095
gefcom_wind,san,rlinear_q,336,1,none,0.351128,0.702257,0.548886,0.24161,0.790495,0.548233
gefcom_wind,san,rlinear_q,336,1,pooled,0.349104,0.698209,0.78391,0.140419,0.924329,0.8
gefcom_wind,san,rlinear_q,336,1,perstep,0.359092,0.718184,0.765451,0.146055,0.911506,0.799095
gefcom_wind,san,rlinear_q,336,2,none,0.344298,0.688596,0.577824,0.228153,0.805978,0.550385
gefcom_wind,san,rlinear_q,336,2,pooled,0.343593,0.687186,0.799139,0.134309,0.933447,0.8
gefcom_wind,san,rlinear_q,336,2,perstep,0.353969,0.707938,0.780015,0.137443,0.917458,0.799095
gefcom_wind,san,rlinear_q,336,3,none,0.355599,0.711197,0.561613,0.22828,0.789894,0.553779
gefcom_wind,san,rlinear_q,336,3,pooled,0.353747,0.707493,0.76887,0.134878,0.903749,0.8
gefcom_wind,san,rlinear_q,336,3,perstep,0.364086,0.728173,0.753166,0.141369,0.894535,0.799095
gefcom_wind,san,rlinear_q,336,4,none,0.350943,0.701886,0.58232,0.21932,0.80164,0.556488
gefcom_wind,san,rlinear_q,336,4,pooled,0.350981,0.701962,0.795878,0.130003,0.92588,0.8
gefcom_wind,san,rlinear_q,336,4,perstep,0.361035,0.722071,0.779065,0.135005,0.91407,0.799095
gefcom_wind,fan,rlinear_q,336,0,none,0.506536,1.013071,0.174139,0.293535,0.467674,0.159384
gefcom_wind,fan,rlinear_q,336,0,pooled,0.469922,0.939845,0.65549,0.088716,0.744206,0.8
gefcom_wind,fan,rlinear_q,336,0,perstep,0.48524,0.970481,0.643965,0.094162,0.738127,0.799095
gefcom_wind,fan,rlinear_q,336,1,none,0.448487,0.896974,0.198803,0.325988,0.524791,0.154608
gefcom_wind,fan,rlinear_q,336,1,pooled,0.415181,0.830362,0.716312,0.094257,0.810569,0.800003
gefcom_wind,fan,rlinear_q,336,1,perstep,0.424771,0.849542,0.701969,0.100177,0.802147,0.799095
gefcom_wind,fan,rlinear_q,336,2,none,0.494292,0.988584,0.176323,0.329787,0.506111,0.15877
gefcom_wind,fan,rlinear_q,336,2,pooled,0.44972,0.899441,0.6793,0.101855,0.781155,0.8
gefcom_wind,fan,rlinear_q,336,2,perstep,0.463024,0.926049,0.664292,0.109644,0.773936,0.799095
gefcom_wind,fan,rlinear_q,336,3,none,0.514141,1.028281,0.166762,0.271941,0.438703,0.153278
gefcom_wind,fan,rlinear_q,336,3,pooled,0.487161,0.974322,0.671669,0.057402,0.729072,0.8
gefcom_wind,fan,rlinear_q,336,3,perstep,0.49578,0.991561,0.662582,0.062057,0.724639,0.799095
gefcom_wind,fan,rlinear_q,336,4,none,0.482749,0.965499,0.175785,0.333872,0.509657,0.155683
gefcom_wind,fan,rlinear_q,336,4,pooled,0.439615,0.879231,0.681896,0.103628,0.785524,0.8
gefcom_wind,fan,rlinear_q,336,4,perstep,0.449425,0.898851,0.669105,0.108219,0.777324,0.799095
gefcom_wind,condnorm,rlinear_q,336,0,none,0.137041,0.274083,0.54993,0.251488,0.801418,0.497484
gefcom_wind,condnorm,rlinear_q,336,0,pooled,0.138066,0.276132,0.791888,0.176197,0.968085,0.8
gefcom_wind,condnorm,rlinear_q,336,0,perstep,0.140165,0.280331,0.785366,0.178191,0.963557,0.799095
gefcom_wind,condnorm,rlinear_q,336,1,none,0.136144,0.272289,0.555376,0.247752,0.803128,0.494492
gefcom_wind,condnorm,rlinear_q,336,1,pooled,0.136945,0.273891,0.801007,0.166603,0.96761,0.8
gefcom_wind,condnorm,rlinear_q,336,1,perstep,0.138861,0.277722,0.792363,0.170688,0.963051,0.799095
gefcom_wind,condnorm,rlinear_q,336,2,none,0.137758,0.275515,0.535809,0.257472,0.793281,0.4884
gefcom_wind,condnorm,rlinear_q,336,2,pooled,0.1386,0.2772,0.791762,0.175817,0.967579,0.8
gefcom_wind,condnorm,rlinear_q,336,2,perstep,0.140464,0.280929,0.784606,0.178888,0.963494,0.799095
gefcom_wind,condnorm,rlinear_q,336,3,none,0.136424,0.272847,0.559176,0.244744,0.80392,0.493644
gefcom_wind,condnorm,rlinear_q,336,3,pooled,0.137609,0.275219,0.802115,0.165748,0.967863,0.8
gefcom_wind,condnorm,rlinear_q,336,3,perstep,0.139424,0.278848,0.793345,0.169295,0.962639,0.799095
gefcom_wind,condnorm,rlinear_q,336,4,none,0.136152,0.272304,0.547651,0.251805,0.799455,0.496728
gefcom_wind,condnorm,rlinear_q,336,4,pooled,0.137024,0.274047,0.793978,0.173696,0.967674,0.8
gefcom_wind,condnorm,rlinear_q,336,4,perstep,0.139018,0.278036,0.788532,0.176355,0.964887,0.799095
gefcom_load,raw,rlinear_q,24,0,none,0.115374,0.230748,0.84584,0.072132,0.917972,0.828921
gefcom_load,raw,rlinear_q,24,0,pooled,0.115064,0.230128,0.820031,0.085614,0.905645,0.800574
gefcom_load,raw,rlinear_q,24,0,perstep,0.114921,0.229842,0.820462,0.085279,0.905741,0.801077
gefcom_load,raw,rlinear_q,24,1,none,0.11447,0.22894,0.838875,0.072807,0.911683,0.822525
gefcom_load,raw,rlinear_q,24,1,pooled,0.114302,0.228605,0.818106,0.086313,0.904418,0.800481
gefcom_load,raw,rlinear_q,24,1,perstep,0.1141,0.2282,0.818826,0.086006,0.904832,0.800991
gefcom_load,raw,rlinear_q,24,2,none,0.114376,0.228752,0.819845,0.079534,0.899379,0.813972
gefcom_load,raw,rlinear_q,24,2,pooled,0.114135,0.22827,0.807077,0.091813,0.89889,0.800133
gefcom_load,raw,rlinear_q,24,2,perstep,0.113984,0.227968,0.809595,0.090646,0.90024,0.801084
gefcom_load,raw,rlinear_q,24,3,none,0.115657,0.231314,0.843835,0.066866,0.910701,0.826803
gefcom_load,raw,rlinear_q,24,3,pooled,0.115405,0.23081,0.820351,0.081346,0.901694,0.800653
gefcom_load,raw,rlinear_q,24,3,perstep,0.115184,0.230369,0.82175,0.08095,0.9027,0.801204
gefcom_load,raw,rlinear_q,24,4,none,0.115474,0.230948,0.836265,0.069359,0.905624,0.825122
gefcom_load,raw,rlinear_q,24,4,pooled,0.115305,0.23061,0.814982,0.085359,0.90034,0.801066
gefcom_load,raw,rlinear_q,24,4,perstep,0.115067,0.230133,0.817083,0.084043,0.901126,0.802058
gefcom_load,revin,rlinear_q,24,0,none,0.116008,0.232016,0.794563,0.101533,0.896097,0.774093
gefcom_load,revin,rlinear_q,24,0,pooled,0.116068,0.232136,0.818681,0.091741,0.910422,0.799999
gefcom_load,revin,rlinear_q,24,0,perstep,0.116014,0.232028,0.81835,0.091472,0.909823,0.80004
gefcom_load,revin,rlinear_q,24,1,none,0.11706,0.234119,0.811847,0.094176,0.906024,0.788653
gefcom_load,revin,rlinear_q,24,1,pooled,0.117156,0.234313,0.822756,0.089344,0.912099,0.800002
gefcom_load,revin,rlinear_q,24,1,perstep,0.117129,0.234257,0.822294,0.089571,0.911865,0.800288
gefcom_load,revin,rlinear_q,24,2,none,0.116055,0.232109,0.805923,0.095489,0.901412,0.786445
gefcom_load,revin,rlinear_q,24,2,pooled,0.116111,0.232221,0.819084,0.091528,0.910611,0.799999
gefcom_load,revin,rlinear_q,24,2,perstep,0.116088,0.232175,0.819359,0.091317,0.910677,0.80015
gefcom_load,revin,rlinear_q,24,3,none,0.117108,0.234216,0.811437,0.08871,0.900147,0.791522
gefcom_load,revin,rlinear_q,24,3,pooled,0.117144,0.234288,0.81887,0.089199,0.908069,0.800026
gefcom_load,revin,rlinear_q,24,3,perstep,0.117062,0.234125,0.818901,0.088951,0.907852,0.800708
gefcom_load,revin,rlinear_q,24,4,none,0.115466,0.230932,0.802847,0.100696,0.90354,0.781175
gefcom_load,revin,rlinear_q,24,4,pooled,0.115538,0.231077,0.821106,0.090842,0.911948,0.800081
gefcom_load,revin,rlinear_q,24,4,perstep,0.115488,0.230977,0.820283,0.091128,0.911411,0.800119
gefcom_load,san,rlinear_q,24,0,none,0.120521,0.241043,0.795056,0.097448,0.892504,0.760963
gefcom_load,san,rlinear_q,24,0,pooled,0.120704,0.241409,0.829362,0.08417,0.913532,0.799999
gefcom_load,san,rlinear_q,24,0,perstep,0.120656,0.241312,0.828704,0.084043,0.912747,0.799999
gefcom_load,san,rlinear_q,24,1,none,0.119825,0.23965,0.796392,0.100614,0.897006,0.761742
gefcom_load,san,rlinear_q,24,1,pooled,0.120008,0.240017,0.82869,0.085045,0.913735,0.799999
gefcom_load,san,rlinear_q,24,1,perstep,0.119984,0.239967,0.828911,0.084897,0.913808,0.80013
gefcom_load,san,rlinear_q,24,2,none,0.118661,0.237321,0.795762,0.096859,0.892621,0.763705
gefcom_load,san,rlinear_q,24,2,pooled,0.11883,0.23766,0.828776,0.084136,0.912912,0.799999
gefcom_load,san,rlinear_q,24,2,perstep,0.11881,0.23762,0.828618,0.084188,0.912806,0.799957
gefcom_load,san,rlinear_q,24,3,none,0.119749,0.239497,0.779084,0.108395,0.887479,0.745443
gefcom_load,san,rlinear_q,24,3,pooled,0.119878,0.239756,0.827316,0.086354,0.91367,0.799999
gefcom_load,san,rlinear_q,24,3,perstep,0.119828,0.239656,0.826885,0.086392,0.913277,0.799978
gefcom_load,san,rlinear_q,24,4,none,0.119104,0.238208,0.792845,0.101747,0.894588,0.758948
gefcom_load,san,rlinear_q,24,4,pooled,0.119275,0.238549,0.829104,0.085121,0.914225,0.799999
gefcom_load,san,rlinear_q,24,4,perstep,0.119233,0.238466,0.828959,0.084773,0.913732,0.79995
gefcom_load,fan,rlinear_q,24,0,none,0.120296,0.240593,0.778895,0.091738,0.870633,0.770783
gefcom_load,fan,rlinear_q,24,0,pooled,0.119507,0.239013,0.80801,0.097531,0.905541,0.799999
gefcom_load,fan,rlinear_q,24,0,perstep,0.118925,0.237849,0.806874,0.098478,0.905352,0.79995
gefcom_load,fan,rlinear_q,24,1,none,0.120716,0.241432,0.773904,0.077888,0.851792,0.761921
gefcom_load,fan,rlinear_q,24,1,pooled,0.117639,0.235278,0.810704,0.094045,0.904749,0.799999
gefcom_load,fan,rlinear_q,24,1,perstep,0.117305,0.234609,0.810098,0.094793,0.90489,0.799954
gefcom_load,fan,rlinear_q,24,2,none,0.1198,0.2396,0.7683,0.118414,0.886714,0.758749
gefcom_load,fan,rlinear_q,24,2,pooled,0.119439,0.238879,0.80873,0.088744,0.897475,0.799999
gefcom_load,fan,rlinear_q,24,2,perstep,0.119201,0.238401,0.807903,0.088955,0.896858,0.799964
gefcom_load,fan,rlinear_q,24,3,none,0.11857,0.23714,0.784216,0.086633,0.87085,0.770504
gefcom_load,fan,rlinear_q,24,3,pooled,0.117563,0.235126,0.81378,0.090887,0.904666,0.799999
gefcom_load,fan,rlinear_q,24,3,perstep,0.117244,0.234489,0.813821,0.090894,0.904715,0.79995
gefcom_load,fan,rlinear_q,24,4,none,0.12019,0.24038,0.760891,0.102625,0.863516,0.748956
gefcom_load,fan,rlinear_q,24,4,pooled,0.119615,0.23923,0.810556,0.087139,0.897695,0.799999
gefcom_load,fan,rlinear_q,24,4,perstep,0.119405,0.23881,0.81017,0.087205,0.897375,0.799954
gefcom_load,condnorm,rlinear_q,24,0,none,0.074407,0.148813,0.6369,0.150275,0.787175,0.653375
gefcom_load,condnorm,rlinear_q,24,0,pooled,0.073039,0.146078,0.786721,0.108402,0.895122,0.799999
gefcom_load,condnorm,rlinear_q,24,0,perstep,0.072625,0.145251,0.786218,0.10927,0.895487,0.800112
gefcom_load,condnorm,rlinear_q,24,1,none,0.073935,0.147869,0.668623,0.137169,0.805792,0.682263
gefcom_load,condnorm,rlinear_q,24,1,pooled,0.07245,0.144901,0.788291,0.10795,0.896241,0.799999
gefcom_load,condnorm,rlinear_q,24,1,perstep,0.072098,0.144195,0.786555,0.108632,0.895188,0.799992
gefcom_load,condnorm,rlinear_q,24,2,none,0.073329,0.146658,0.731972,0.112731,0.844703,0.747193
gefcom_load,condnorm,rlinear_q,24,2,pooled,0.072841,0.145682,0.787682,0.109101,0.896782,0.799999
gefcom_load,condnorm,rlinear_q,24,2,perstep,0.072423,0.144845,0.786149,0.109735,0.895883,0.800343
gefcom_load,condnorm,rlinear_q,24,3,none,0.073186,0.146373,0.686754,0.123064,0.809819,0.70213
gefcom_load,condnorm,rlinear_q,24,3,pooled,0.072149,0.144299,0.788925,0.109645,0.89857,0.799999
gefcom_load,condnorm,rlinear_q,24,3,perstep,0.071811,0.143622,0.788632,0.109559,0.898191,0.800374
gefcom_load,condnorm,rlinear_q,24,4,none,0.073608,0.147216,0.695686,0.133573,0.829259,0.710162
gefcom_load,condnorm,rlinear_q,24,4,pooled,0.072701,0.145402,0.787626,0.106476,0.894103,0.799999
gefcom_load,condnorm,rlinear_q,24,4,perstep,0.07215,0.1443,0.786042,0.107864,0.893906,0.800112
gefcom_load,raw,rlinear_q,96,0,none,0.167878,0.335755,0.835358,0.072033,0.907391,0.827862
gefcom_load,raw,rlinear_q,96,0,pooled,0.167412,0.334824,0.810596,0.091253,0.901849,0.800216
gefcom_load,raw,rlinear_q,96,0,perstep,0.167242,0.334484,0.812216,0.090752,0.902968,0.800438
gefcom_load,raw,rlinear_q,96,1,none,0.166931,0.333862,0.833604,0.073253,0.906857,0.826655
gefcom_load,raw,rlinear_q,96,1,pooled,0.166517,0.333035,0.809644,0.09074,0.900384,0.800213
gefcom_load,raw,rlinear_q,96,1,perstep,0.1664,0.332799,0.810374,0.090506,0.90088,0.800521
gefcom_load,raw,rlinear_q,96,2,none,0.168509,0.337019,0.840374,0.071095,0.911469,0.830993
gefcom_load,raw,rlinear_q,96,2,pooled,0.16791,0.33582,0.812861,0.091727,0.904589,0.800522
gefcom_load,raw,rlinear_q,96,2,perstep,0.167708,0.335415,0.813572,0.091352,0.904924,0.800874
gefcom_load,raw,rlinear_q,96,3,none,0.16813,0.336261,0.817543,0.079197,0.89674,0.803851
gefcom_load,raw,rlinear_q,96,3,pooled,0.167626,0.335251,0.81466,0.089939,0.9046,0.8
gefcom_load,raw,rlinear_q,96,3,perstep,0.167498,0.334995,0.81528,0.089783,0.905062,0.800062
gefcom_load,raw,rlinear_q,96,4,none,0.167405,0.33481,0.833405,0.069661,0.903067,0.827334
gefcom_load,raw,rlinear_q,96,4,pooled,0.16705,0.3341,0.809845,0.088701,0.898546,0.800454
gefcom_load,raw,rlinear_q,96,4,perstep,0.166863,0.333726,0.811088,0.088547,0.899635,0.800475
gefcom_load,revin,rlinear_q,96,0,none,0.171333,0.342667,0.798281,0.100602,0.898883,0.786223
gefcom_load,revin,rlinear_q,96,0,pooled,0.17146,0.34292,0.811221,0.096576,0.907797,0.8
gefcom_load,revin,rlinear_q,96,0,perstep,0.171414,0.342828,0.811269,0.09642,0.907689,0.799997
gefcom_load,revin,rlinear_q,96,1,none,0.170478,0.340956,0.79923,0.10625,0.90548,0.787146
gefcom_load,revin,rlinear_q,96,1,pooled,0.170592,0.341184,0.811672,0.098663,0.910334,0.800032
gefcom_load,revin,rlinear_q,96,1,perstep,0.170551,0.341103,0.811507,0.098609,0.910116,0.799979
gefcom_load,revin,rlinear_q,96,2,none,0.170891,0.341782,0.808003,0.099621,0.907625,0.795787
gefcom_load,revin,rlinear_q,96,2,pooled,0.17093,0.341859,0.812199,0.0973,0.909499,0.800078
gefcom_load,revin,rlinear_q,96,2,perstep,0.170851,0.341702,0.812277,0.097189,0.909466,0.800005
gefcom_load,revin,rlinear_q,96,3,none,0.171098,0.342197,0.796554,0.100969,0.897523,0.781284
gefcom_load,revin,rlinear_q,96,3,pooled,0.171141,0.342282,0.813703,0.096085,0.909788,0.8
gefcom_load,revin,rlinear_q,96,3,perstep,0.171056,0.342112,0.813536,0.096247,0.909783,0.799938
gefcom_load,revin,rlinear_q,96,4,none,0.170517,0.341034,0.806316,0.097497,0.903812,0.795302
gefcom_load,revin,rlinear_q,96,4,pooled,0.170606,0.341211,0.810821,0.09718,0.908002,0.8
gefcom_load,revin,rlinear_q,96,4,perstep,0.17054,0.34108,0.810261,0.097341,0.907602,0.800002
gefcom_load,san,rlinear_q,96,0,none,0.171598,0.343195,0.790837,0.10368,0.894517,0.768921
gefcom_load,san,rlinear_q,96,0,pooled,0.171758,0.343517,0.819382,0.092321,0.911703,0.8
gefcom_load,san,rlinear_q,96,0,perstep,0.171747,0.343494,0.819174,0.092493,0.911668,0.799926
gefcom_load,san,rlinear_q,96,1,none,0.172156,0.344313,0.757078,0.123401,0.880479,0.734123
gefcom_load,san,rlinear_q,96,1,pooled,0.17216,0.344321,0.817902,0.093388,0.91129,0.8
gefcom_load,san,rlinear_q,96,1,perstep,0.172102,0.344203,0.818546,0.092948,0.911493,0.799917
gefcom_load,san,rlinear_q,96,2,none,0.172028,0.344055,0.798272,0.099875,0.898147,0.77519
gefcom_load,san,rlinear_q,96,2,pooled,0.172202,0.344403,0.820511,0.091777,0.912288,0.8
gefcom_load,san,rlinear_q,96,2,perstep,0.1722,0.3444,0.820122,0.092218,0.912341,0.799917
gefcom_load,san,rlinear_q,96,3,none,0.17209,0.34418,0.777357,0.110288,0.887645,0.755031
gefcom_load,san,rlinear_q,96,3,pooled,0.172205,0.34441,0.818773,0.093306,0.912079,0.8
gefcom_load,san,rlinear_q,96,3,perstep,0.172176,0.344352,0.819133,0.09306,0.912193,0.799925
gefcom_load,san,rlinear_q,96,4,none,0.172053,0.344106,0.792513,0.103637,0.89615,0.767588
gefcom_load,san,rlinear_q,96,4,pooled,0.172213,0.344427,0.821584,0.091122,0.912706,0.8
gefcom_load,san,rlinear_q,96,4,perstep,0.172187,0.344374,0.821424,0.091147,0.912571,0.799935
gefcom_load,fan,rlinear_q,96,0,none,0.183299,0.366598,0.754012,0.110962,0.864973,0.760889
gefcom_load,fan,rlinear_q,96,0,pooled,0.182345,0.36469,0.791931,0.106363,0.898294,0.8
gefcom_load,fan,rlinear_q,96,0,perstep,0.181515,0.363031,0.792386,0.106137,0.898522,0.799917
gefcom_load,fan,rlinear_q,96,1,none,0.1779,0.3558,0.76615,0.107196,0.873346,0.767942
gefcom_load,fan,rlinear_q,96,1,pooled,0.177478,0.354957,0.79624,0.101667,0.897906,0.8
gefcom_load,fan,rlinear_q,96,1,perstep,0.176915,0.353831,0.796866,0.101379,0.898245,0.799917
gefcom_load,fan,rlinear_q,96,2,none,0.176109,0.352217,0.761114,0.104732,0.865846,0.752224
gefcom_load,fan,rlinear_q,96,2,pooled,0.175765,0.351529,0.807085,0.094317,0.901402,0.8
gefcom_load,fan,rlinear_q,96,2,perstep,0.17428,0.348559,0.80913,0.093971,0.903101,0.799917
gefcom_load,fan,rlinear_q,96,3,none,0.1763,0.3526,0.757678,0.096944,0.854621,0.757638
gefcom_load,fan,rlinear_q,96,3,pooled,0.174818,0.349635,0.801101,0.09741,0.898511,0.8
gefcom_load,fan,rlinear_q,96,3,perstep,0.174329,0.348658,0.800541,0.097205,0.897746,0.799917
gefcom_load,fan,rlinear_q,96,4,none,0.175777,0.351553,0.771784,0.105502,0.877285,0.771361
gefcom_load,fan,rlinear_q,96,4,pooled,0.175272,0.350544,0.800069,0.103678,0.903747,0.8
gefcom_load,fan,rlinear_q,96,4,perstep,0.174167,0.348334,0.800493,0.103613,0.904106,0.799917
gefcom_load,condnorm,rlinear_q,96,0,none,0.087068,0.174136,0.644906,0.142086,0.786992,0.660081
gefcom_load,condnorm,rlinear_q,96,0,pooled,0.084902,0.169803,0.788962,0.109037,0.897999,0.8
gefcom_load,condnorm,rlinear_q,96,0,perstep,0.084542,0.169083,0.787905,0.109684,0.897588,0.800024
gefcom_load,condnorm,rlinear_q,96,1,none,0.087229,0.174459,0.655185,0.130815,0.786,0.675927
gefcom_load,condnorm,rlinear_q,96,1,pooled,0.085427,0.170855,0.783196,0.111083,0.894278,0.8
gefcom_load,condnorm,rlinear_q,96,1,perstep,0.085068,0.170135,0.782173,0.112092,0.894265,0.800037
gefcom_load,condnorm,rlinear_q,96,2,none,0.087718,0.175436,0.654479,0.149835,0.804313,0.672869
gefcom_load,condnorm,rlinear_q,96,2,pooled,0.085784,0.171569,0.785162,0.109041,0.894203,0.8
gefcom_load,condnorm,rlinear_q,96,2,perstep,0.085373,0.170747,0.784594,0.109434,0.894028,0.799975
gefcom_load,condnorm,rlinear_q,96,3,none,0.087543,0.175085,0.659638,0.139405,0.799042,0.678494
gefcom_load,condnorm,rlinear_q,96,3,pooled,0.085632,0.171264,0.784627,0.10975,0.894376,0.8
gefcom_load,condnorm,rlinear_q,96,3,perstep,0.085266,0.170532,0.78328,0.110888,0.894168,0.799982
gefcom_load,condnorm,rlinear_q,96,4,none,0.087008,0.174016,0.675483,0.131711,0.807193,0.693657
gefcom_load,condnorm,rlinear_q,96,4,pooled,0.085195,0.170391,0.784952,0.109807,0.894759,0.8
gefcom_load,condnorm,rlinear_q,96,4,perstep,0.084845,0.169689,0.783805,0.110877,0.894681,0.799981
gefcom_load,raw,rlinear_q,336,0,none,0.202662,0.405323,0.829019,0.074113,0.903133,0.81173
gefcom_load,raw,rlinear_q,336,0,pooled,0.202215,0.404431,0.81841,0.09495,0.91336,0.800145
gefcom_load,raw,rlinear_q,336,0,perstep,0.202024,0.404048,0.818437,0.094443,0.912879,0.800535
gefcom_load,raw,rlinear_q,336,1,none,0.203305,0.406611,0.832465,0.073171,0.905635,0.813978
gefcom_load,raw,rlinear_q,336,1,pooled,0.20294,0.405879,0.820395,0.093582,0.913977,0.800162
gefcom_load,raw,rlinear_q,336,1,perstep,0.202831,0.405662,0.819852,0.093456,0.913309,0.800442
gefcom_load,raw,rlinear_q,336,2,none,0.202225,0.40445,0.818341,0.073038,0.891379,0.80493
gefcom_load,raw,rlinear_q,336,2,pooled,0.201913,0.403826,0.815959,0.092317,0.908276,0.800143
gefcom_load,raw,rlinear_q,336,2,perstep,0.201784,0.403569,0.816693,0.092072,0.908765,0.800422
gefcom_load,raw,rlinear_q,336,3,none,0.203507,0.407013,0.833552,0.074587,0.908139,0.816192
gefcom_load,raw,rlinear_q,336,3,pooled,0.203424,0.406847,0.819346,0.095261,0.914606,0.800058
gefcom_load,raw,rlinear_q,336,3,perstep,0.203487,0.406973,0.819238,0.09454,0.913778,0.800768
gefcom_load,raw,rlinear_q,336,4,none,0.202488,0.404976,0.821093,0.075682,0.896776,0.811063
gefcom_load,raw,rlinear_q,336,4,pooled,0.202295,0.40459,0.81204,0.09533,0.90737,0.800283
gefcom_load,raw,rlinear_q,336,4,perstep,0.202189,0.404379,0.812166,0.094561,0.906727,0.800778
gefcom_load,revin,rlinear_q,336,0,none,0.209168,0.418337,0.79965,0.094333,0.893982,0.773978
gefcom_load,revin,rlinear_q,336,0,pooled,0.209675,0.419349,0.822371,0.089898,0.912268,0.8
gefcom_load,revin,rlinear_q,336,0,perstep,0.209697,0.419394,0.821942,0.089836,0.911778,0.800023
gefcom_load,revin,rlinear_q,336,1,none,0.207687,0.415374,0.805125,0.088767,0.893892,0.78064
gefcom_load,revin,rlinear_q,336,1,pooled,0.20815,0.416301,0.821873,0.089521,0.911394,0.8
gefcom_load,revin,rlinear_q,336,1,perstep,0.208202,0.416404,0.821227,0.089479,0.910707,0.79998
gefcom_load,revin,rlinear_q,336,2,none,0.208813,0.417627,0.7864,0.103484,0.889883,0.761842
gefcom_load,revin,rlinear_q,336,2,pooled,0.209278,0.418557,0.820173,0.091562,0.911735,0.8
gefcom_load,revin,rlinear_q,336,2,perstep,0.209312,0.418623,0.819771,0.091532,0.911302,0.800036
gefcom_load,revin,rlinear_q,336,3,none,0.208744,0.417488,0.791296,0.09987,0.891167,0.764688
gefcom_load,revin,rlinear_q,336,3,pooled,0.209188,0.418376,0.822116,0.089949,0.912066,0.8
gefcom_load,revin,rlinear_q,336,3,perstep,0.209173,0.418346,0.821715,0.089719,0.911434,0.800006
gefcom_load,revin,rlinear_q,336,4,none,0.208863,0.417726,0.798322,0.096299,0.89462,0.775657
gefcom_load,revin,rlinear_q,336,4,pooled,0.209347,0.418693,0.81993,0.090738,0.910668,0.8
gefcom_load,revin,rlinear_q,336,4,perstep,0.209371,0.418742,0.819659,0.090767,0.910426,0.800076
gefcom_load,san,rlinear_q,336,0,none,0.208132,0.416264,0.76259,0.117703,0.880293,0.726806
gefcom_load,san,rlinear_q,336,0,pooled,0.208513,0.417026,0.827116,0.090256,0.917372,0.8
gefcom_load,san,rlinear_q,336,0,perstep,0.208539,0.417078,0.82765,0.089565,0.917214,0.799915
gefcom_load,san,rlinear_q,336,1,none,0.20812,0.41624,0.789781,0.10451,0.894291,0.757155
gefcom_load,san,rlinear_q,336,1,pooled,0.208634,0.417268,0.827479,0.089946,0.917425,0.8
gefcom_load,san,rlinear_q,336,1,perstep,0.208706,0.417412,0.827059,0.089998,0.917058,0.799935
gefcom_load,san,rlinear_q,336,2,none,0.208717,0.417433,0.785642,0.106869,0.89251,0.753875
gefcom_load,san,rlinear_q,336,2,pooled,0.209213,0.418426,0.826424,0.089994,0.916418,0.8
gefcom_load,san,rlinear_q,336,2,perstep,0.209258,0.418515,0.826398,0.089796,0.916193,0.799917
gefcom_load,san,rlinear_q,336,3,none,0.208612,0.417224,0.729558,0.136735,0.866294,0.690962
gefcom_load,san,rlinear_q,336,3,pooled,0.208683,0.417366,0.826914,0.091049,0.917963,0.8
gefcom_load,san,rlinear_q,336,3,perstep,0.208675,0.41735,0.827545,0.090111,0.917655,0.799915
gefcom_load,san,rlinear_q,336,4,none,0.20872,0.417441,0.786247,0.106025,0.892273,0.754921
gefcom_load,san,rlinear_q,336,4,pooled,0.209194,0.418387,0.826065,0.09033,0.916395,0.8
gefcom_load,san,rlinear_q,336,4,perstep,0.209211,0.418422,0.825814,0.090281,0.916094,0.799924
gefcom_load,fan,rlinear_q,336,0,none,0.224073,0.448146,0.69742,0.127109,0.824528,0.704527
gefcom_load,fan,rlinear_q,336,0,pooled,0.221892,0.443783,0.795767,0.102207,0.897975,0.8
gefcom_load,fan,rlinear_q,336,0,perstep,0.220424,0.440848,0.795449,0.102258,0.897707,0.799915
gefcom_load,fan,rlinear_q,336,1,none,0.223356,0.446713,0.698943,0.118358,0.817301,0.716231
gefcom_load,fan,rlinear_q,336,1,pooled,0.22032,0.440641,0.788206,0.10657,0.894776,0.8
gefcom_load,fan,rlinear_q,336,1,perstep,0.218648,0.437297,0.788596,0.106021,0.894617,0.799916
gefcom_load,fan,rlinear_q,336,2,none,0.221712,0.443424,0.719787,0.113984,0.833771,0.72956
gefcom_load,fan,rlinear_q,336,2,pooled,0.219136,0.438272,0.793187,0.104197,0.897384,0.8
gefcom_load,fan,rlinear_q,336,2,perstep,0.218421,0.436842,0.79329,0.103848,0.897138,0.799915
gefcom_load,fan,rlinear_q,336,3,none,0.218893,0.437787,0.728633,0.105604,0.834238,0.731581
gefcom_load,fan,rlinear_q,336,3,pooled,0.215923,0.431846,0.800524,0.10263,0.903154,0.8
gefcom_load,fan,rlinear_q,336,3,perstep,0.215472,0.430944,0.79981,0.102469,0.902279,0.799915
gefcom_load,fan,rlinear_q,336,4,none,0.218548,0.437096,0.710588,0.121335,0.831923,0.720103
gefcom_load,fan,rlinear_q,336,4,pooled,0.21616,0.432321,0.793003,0.108713,0.901716,0.8
gefcom_load,fan,rlinear_q,336,4,perstep,0.215562,0.431125,0.79297,0.108635,0.901605,0.799915
gefcom_load,condnorm,rlinear_q,336,0,none,0.094976,0.189953,0.648348,0.160965,0.809313,0.655883
gefcom_load,condnorm,rlinear_q,336,0,pooled,0.093344,0.186688,0.790025,0.10663,0.896655,0.8
gefcom_load,condnorm,rlinear_q,336,0,perstep,0.092839,0.185677,0.788531,0.107846,0.896377,0.800094
gefcom_load,condnorm,rlinear_q,336,1,none,0.094845,0.189689,0.652058,0.149702,0.801759,0.661619
gefcom_load,condnorm,rlinear_q,336,1,pooled,0.092959,0.185918,0.789664,0.108591,0.898255,0.8
gefcom_load,condnorm,rlinear_q,336,1,perstep,0.092406,0.184812,0.788581,0.109565,0.898146,0.8002
gefcom_load,condnorm,rlinear_q,336,2,none,0.094631,0.189261,0.66001,0.145137,0.805147,0.670495
gefcom_load,condnorm,rlinear_q,336,2,pooled,0.092923,0.185846,0.789129,0.109516,0.898646,0.8
gefcom_load,condnorm,rlinear_q,336,2,perstep,0.092405,0.184809,0.787859,0.110462,0.898322,0.800094
gefcom_load,condnorm,rlinear_q,336,3,none,0.094547,0.189093,0.626951,0.158181,0.785131,0.636392
gefcom_load,condnorm,rlinear_q,336,3,pooled,0.092328,0.184655,0.788066,0.110293,0.898359,0.8
gefcom_load,condnorm,rlinear_q,336,3,perstep,0.091863,0.183726,0.786941,0.11117,0.89811,0.799993
gefcom_load,condnorm,rlinear_q,336,4,none,0.094549,0.189097,0.653305,0.148972,0.802277,0.664924
gefcom_load,condnorm,rlinear_q,336,4,pooled,0.092756,0.185512,0.787139,0.10998,0.897119,0.8
gefcom_load,condnorm,rlinear_q,336,4,perstep,0.092165,0.184329,0.786289,0.110692,0.896981,0.800058
gefcom_solar,raw,rlinear_q,24,0,none,0.088492,0.176983,0.893824,0.054728,0.948551,0.898958
gefcom_solar,raw,rlinear_q,24,0,pooled,0.086746,0.173493,0.804705,0.112789,0.917495,0.814189
gefcom_solar,raw,rlinear_q,24,0,perstep,0.085717,0.171435,0.819025,0.102455,0.92148,0.82937
gefcom_solar,raw,rlinear_q,24,1,none,0.087702,0.175405,0.896109,0.050587,0.946697,0.898527
gefcom_solar,raw,rlinear_q,24,1,pooled,0.085586,0.171172,0.816883,0.100501,0.917384,0.821377
gefcom_solar,raw,rlinear_q,24,1,perstep,0.084688,0.169377,0.834073,0.090366,0.924439,0.837937
gefcom_solar,raw,rlinear_q,24,2,none,0.091149,0.182298,0.855436,0.083974,0.93941,0.875541
gefcom_solar,raw,rlinear_q,24,2,pooled,0.089792,0.179585,0.78014,0.13222,0.912361,0.806737
gefcom_solar,raw,rlinear_q,24,2,perstep,0.089034,0.178068,0.786743,0.129626,0.916369,0.813703
gefcom_solar,raw,rlinear_q,24,3,none,0.088142,0.176284,0.899753,0.049307,0.949059,0.904997
gefcom_solar,raw,rlinear_q,24,3,pooled,0.086282,0.172565,0.803557,0.114766,0.918323,0.818098
gefcom_solar,raw,rlinear_q,24,3,perstep,0.085319,0.170637,0.818053,0.107744,0.925797,0.831975
gefcom_solar,raw,rlinear_q,24,4,none,0.087221,0.174443,0.900835,0.048942,0.949777,0.903838
gefcom_solar,raw,rlinear_q,24,4,pooled,0.085391,0.170783,0.8143,0.101903,0.916203,0.826709
gefcom_solar,raw,rlinear_q,24,4,perstep,0.084567,0.169134,0.826566,0.097178,0.923744,0.836833
gefcom_solar,revin,rlinear_q,24,0,none,0.087635,0.175269,0.878908,0.059994,0.938902,0.885853
gefcom_solar,revin,rlinear_q,24,0,pooled,0.08647,0.17294,0.795807,0.116631,0.912438,0.809652
gefcom_solar,revin,rlinear_q,24,0,perstep,0.085111,0.170222,0.819124,0.102753,0.921878,0.833698
gefcom_solar,revin,rlinear_q,24,1,none,0.088498,0.176995,0.891528,0.055346,0.946873,0.900526
gefcom_solar,revin,rlinear_q,24,1,pooled,0.086591,0.173182,0.801117,0.115693,0.91681,0.820427
gefcom_solar,revin,rlinear_q,24,1,perstep,0.085469,0.170939,0.812412,0.108936,0.921348,0.833278
gefcom_solar,revin,rlinear_q,24,2,none,0.08779,0.17558,0.907315,0.046966,0.954281,0.911588
gefcom_solar,revin,rlinear_q,24,2,pooled,0.085964,0.171927,0.815978,0.103747,0.919725,0.82842
gefcom_solar,revin,rlinear_q,24,2,perstep,0.084725,0.169449,0.835078,0.092872,0.92795,0.846935
gefcom_solar,revin,rlinear_q,24,3,none,0.087829,0.175657,0.883247,0.064278,0.947525,0.889739
gefcom_solar,revin,rlinear_q,24,3,pooled,0.086744,0.173488,0.79573,0.117901,0.913631,0.809618
gefcom_solar,revin,rlinear_q,24,3,perstep,0.085137,0.170275,0.820339,0.102742,0.923081,0.833057
gefcom_solar,revin,rlinear_q,24,4,none,0.087499,0.174998,0.880763,0.058768,0.939531,0.887332
gefcom_solar,revin,rlinear_q,24,4,pooled,0.086205,0.172411,0.796204,0.117603,0.913807,0.813626
gefcom_solar,revin,rlinear_q,24,4,perstep,0.084789,0.169578,0.815437,0.110228,0.925665,0.832119
gefcom_solar,san,rlinear_q,24,0,none,0.092994,0.185989,0.834901,0.071399,0.9063,0.859278
gefcom_solar,san,rlinear_q,24,0,pooled,0.092759,0.185518,0.774433,0.124006,0.898439,0.805776
gefcom_solar,san,rlinear_q,24,0,perstep,0.091288,0.182576,0.777424,0.12171,0.899134,0.816762
gefcom_solar,san,rlinear_q,24,1,none,0.092813,0.185625,0.846725,0.077901,0.924627,0.869016
gefcom_solar,san,rlinear_q,24,1,pooled,0.092568,0.185136,0.770237,0.128235,0.898472,0.804043
gefcom_solar,san,rlinear_q,24,1,perstep,0.09154,0.183081,0.775382,0.124194,0.899576,0.81367
gefcom_solar,san,rlinear_q,24,2,none,0.092515,0.185029,0.865991,0.063196,0.929187,0.89007
gefcom_solar,san,rlinear_q,24,2,pooled,0.091554,0.183108,0.771142,0.125486,0.896628,0.809044
gefcom_solar,san,rlinear_q,24,2,perstep,0.090716,0.181432,0.775735,0.123984,0.89972,0.814598
gefcom_solar,san,rlinear_q,24,3,none,0.092582,0.185164,0.850656,0.07194,0.922595,0.876237
gefcom_solar,san,rlinear_q,24,3,pooled,0.09229,0.18458,0.774653,0.118939,0.893592,0.807488
gefcom_solar,san,rlinear_q,24,3,perstep,0.091263,0.182526,0.781973,0.114512,0.896485,0.817203
gefcom_solar,san,rlinear_q,24,4,none,0.092458,0.184915,0.849982,0.065459,0.915441,0.884406
gefcom_solar,san,rlinear_q,24,4,pooled,0.091692,0.183384,0.762674,0.122571,0.885246,0.808702
gefcom_solar,san,rlinear_q,24,4,perstep,0.090935,0.18187,0.766914,0.120197,0.887111,0.815382
gefcom_solar,fan,rlinear_q,24,0,none,0.104533,0.209067,0.771286,0.149775,0.921061,0.779401
gefcom_solar,fan,rlinear_q,24,0,pooled,0.104215,0.20843,0.796878,0.124768,0.921646,0.799991
gefcom_solar,fan,rlinear_q,24,0,perstep,0.103162,0.206323,0.797154,0.125,0.922154,0.800113
gefcom_solar,fan,rlinear_q,24,1,none,0.103269,0.206538,0.764971,0.116157,0.881127,0.765644
gefcom_solar,fan,rlinear_q,24,1,pooled,0.103593,0.207186,0.793091,0.130178,0.923269,0.800874
gefcom_solar,fan,rlinear_q,24,1,perstep,0.102393,0.204786,0.794703,0.128411,0.923114,0.801537
gefcom_solar,fan,rlinear_q,24,2,none,0.105743,0.211486,0.74342,0.152734,0.896154,0.749371
gefcom_solar,fan,rlinear_q,24,2,pooled,0.105517,0.211033,0.79425,0.125088,0.919338,0.799991
gefcom_solar,fan,rlinear_q,24,2,perstep,0.103901,0.207803,0.792793,0.126457,0.91925,0.800024
gefcom_solar,fan,rlinear_q,24,3,none,0.101219,0.202438,0.79096,0.130752,0.921712,0.791424
gefcom_solar,fan,rlinear_q,24,3,pooled,0.101357,0.202714,0.800587,0.12479,0.925378,0.799991
gefcom_solar,fan,rlinear_q,24,3,perstep,0.100689,0.201379,0.80062,0.125585,0.926206,0.799936
gefcom_solar,fan,rlinear_q,24,4,none,0.10026,0.200519,0.784612,0.121787,0.906399,0.787162
gefcom_solar,fan,rlinear_q,24,4,pooled,0.100619,0.201239,0.795189,0.123399,0.918588,0.799991
gefcom_solar,fan,rlinear_q,24,4,perstep,0.100042,0.200085,0.795222,0.124282,0.919504,0.800609
gefcom_solar,condnorm,rlinear_q,24,0,none,0.057353,0.114706,0.674583,0.15832,0.832903,0.655218
gefcom_solar,condnorm,rlinear_q,24,0,pooled,0.056861,0.113721,0.820306,0.093634,0.91394,0.799991
gefcom_solar,condnorm,rlinear_q,24,0,perstep,0.05686,0.113719,0.820096,0.093535,0.913631,0.799682
gefcom_solar,condnorm,rlinear_q,24,1,none,0.057505,0.11501,0.643747,0.174307,0.818053,0.625132
gefcom_solar,condnorm,rlinear_q,24,1,pooled,0.056791,0.113583,0.819467,0.093027,0.912493,0.799991
gefcom_solar,condnorm,rlinear_q,24,1,perstep,0.05679,0.11358,0.819301,0.093237,0.912538,0.799682
gefcom_solar,condnorm,rlinear_q,24,2,none,0.057682,0.115364,0.615218,0.188317,0.803535,0.598404
gefcom_solar,condnorm,rlinear_q,24,2,pooled,0.056745,0.11349,0.818948,0.093435,0.912383,0.799991
gefcom_solar,condnorm,rlinear_q,24,2,perstep,0.056743,0.113486,0.818429,0.093733,0.912162,0.799682
gefcom_solar,condnorm,rlinear_q,24,3,none,0.057395,0.11479,0.634517,0.17859,0.813107,0.615218
gefcom_solar,condnorm,rlinear_q,24,3,pooled,0.056624,0.113247,0.820019,0.092795,0.912814,0.799991
gefcom_solar,condnorm,rlinear_q,24,3,perstep,0.056622,0.113244,0.820129,0.092718,0.912847,0.799682
gefcom_solar,condnorm,rlinear_q,24,4,none,0.0574,0.1148,0.6493,0.171734,0.821034,0.629758
gefcom_solar,condnorm,rlinear_q,24,4,pooled,0.056727,0.113454,0.820085,0.092894,0.912979,0.799991
gefcom_solar,condnorm,rlinear_q,24,4,perstep,0.056725,0.11345,0.820239,0.092839,0.913079,0.799682
gefcom_solar,raw,rlinear_q,96,0,none,0.091876,0.183752,0.886728,0.063147,0.949875,0.902238
gefcom_solar,raw,rlinear_q,96,0,pooled,0.090457,0.180915,0.798197,0.128292,0.92649,0.823373
gefcom_solar,raw,rlinear_q,96,0,perstep,0.089938,0.179875,0.804574,0.124474,0.929047,0.830809
gefcom_solar,raw,rlinear_q,96,1,none,0.09243,0.18486,0.888492,0.060964,0.949456,0.902432
gefcom_solar,raw,rlinear_q,96,1,pooled,0.090714,0.181428,0.802666,0.12424,0.926906,0.827469
gefcom_solar,raw,rlinear_q,96,1,perstep,0.090187,0.180373,0.809329,0.120352,0.92968,0.8353
gefcom_solar,raw,rlinear_q,96,2,none,0.092391,0.184781,0.893273,0.058468,0.951741,0.90708
gefcom_solar,raw,rlinear_q,96,2,pooled,0.090403,0.180806,0.806529,0.121615,0.928144,0.831175
gefcom_solar,raw,rlinear_q,96,2,perstep,0.089863,0.179726,0.81373,0.117456,0.931186,0.839555
gefcom_solar,raw,rlinear_q,96,3,none,0.092317,0.184635,0.892524,0.054529,0.947053,0.902831
gefcom_solar,raw,rlinear_q,96,3,pooled,0.090553,0.181106,0.807385,0.118866,0.92625,0.829217
gefcom_solar,raw,rlinear_q,96,3,perstep,0.089931,0.179862,0.813302,0.115301,0.928603,0.836029
gefcom_solar,raw,rlinear_q,96,4,none,0.092299,0.184597,0.89468,0.05427,0.948949,0.905625
gefcom_solar,raw,rlinear_q,96,4,pooled,0.090681,0.181362,0.809939,0.117434,0.927373,0.827945
gefcom_solar,raw,rlinear_q,96,4,perstep,0.089963,0.179926,0.818603,0.111364,0.929967,0.838021
gefcom_solar,revin,rlinear_q,96,0,none,0.092402,0.184804,0.89392,0.057483,0.951403,0.905611
gefcom_solar,revin,rlinear_q,96,0,pooled,0.090764,0.181528,0.804849,0.122558,0.927407,0.831203
gefcom_solar,revin,rlinear_q,96,0,perstep,0.089804,0.179608,0.818659,0.113005,0.931664,0.846218
gefcom_solar,revin,rlinear_q,96,1,none,0.092253,0.184505,0.884373,0.061591,0.945964,0.899452
gefcom_solar,revin,rlinear_q,96,1,pooled,0.090638,0.181277,0.79699,0.126787,0.923777,0.828114
gefcom_solar,revin,rlinear_q,96,1,perstep,0.089985,0.179969,0.805274,0.121173,0.926447,0.837771
gefcom_solar,revin,rlinear_q,96,2,none,0.092236,0.184473,0.889432,0.057283,0.946715,0.900755
gefcom_solar,revin,rlinear_q,96,2,pooled,0.090764,0.181529,0.802244,0.122645,0.924889,0.82705
gefcom_solar,revin,rlinear_q,96,2,perstep,0.090005,0.18001,0.815829,0.113691,0.92952,0.842866
gefcom_solar,revin,rlinear_q,96,3,none,0.092322,0.184644,0.887527,0.06046,0.947987,0.901346
gefcom_solar,revin,rlinear_q,96,3,pooled,0.090702,0.181404,0.802204,0.123165,0.92537,0.827981
gefcom_solar,revin,rlinear_q,96,3,perstep,0.08984,0.179679,0.814346,0.11352,0.927866,0.842056
gefcom_solar,revin,rlinear_q,96,4,none,0.092016,0.184032,0.885718,0.061113,0.946831,0.899595
gefcom_solar,revin,rlinear_q,96,4,pooled,0.090504,0.181008,0.801039,0.123388,0.924427,0.827059
gefcom_solar,revin,rlinear_q,96,4,perstep,0.089772,0.179544,0.81062,0.11747,0.928091,0.838336
gefcom_solar,san,rlinear_q,96,0,none,0.094606,0.189212,0.857259,0.069253,0.926512,0.878506
gefcom_solar,san,rlinear_q,96,0,pooled,0.094335,0.188671,0.777598,0.125718,0.903315,0.809008
gefcom_solar,san,rlinear_q,96,0,perstep,0.093939,0.187877,0.778743,0.125608,0.904351,0.813142
gefcom_solar,san,rlinear_q,96,1,none,0.095028,0.190057,0.854727,0.074189,0.928915,0.879015
gefcom_solar,san,rlinear_q,96,1,pooled,0.094903,0.189805,0.770352,0.134969,0.905321,0.806991
gefcom_solar,san,rlinear_q,96,1,perstep,0.094426,0.188853,0.773748,0.133292,0.907041,0.813094
gefcom_solar,san,rlinear_q,96,2,none,0.094497,0.188994,0.862507,0.067646,0.930153,0.884246
gefcom_solar,san,rlinear_q,96,2,pooled,0.094168,0.188337,0.776872,0.130827,0.907699,0.810533
gefcom_solar,san,rlinear_q,96,2,perstep,0.093801,0.187601,0.779117,0.129978,0.909095,0.814399
gefcom_solar,san,rlinear_q,96,3,none,0.174816,0.349632,0.650901,0.219726,0.870627,0.667924
gefcom_solar,san,rlinear_q,96,3,pooled,0.169743,0.339486,0.827135,0.084121,0.911256,0.799995
gefcom_solar,san,rlinear_q,96,3,perstep,0.141568,0.283135,0.801678,0.114589,0.916267,0.812686
gefcom_solar,san,rlinear_q,96,4,none,0.094773,0.189546,0.860374,0.070598,0.930972,0.882184
gefcom_solar,san,rlinear_q,96,4,pooled,0.094418,0.188837,0.777387,0.13063,0.908017,0.810201
gefcom_solar,san,rlinear_q,96,4,perstep,0.094017,0.188034,0.779033,0.129871,0.908903,0.814678
gefcom_solar,fan,rlinear_q,96,0,none,0.107932,0.215864,0.788929,0.126179,0.915108,0.787367
gefcom_solar,fan,rlinear_q,96,0,pooled,0.108976,0.217951,0.793234,0.143,0.936234,0.80071
gefcom_solar,fan,rlinear_q,96,0,perstep,0.108363,0.216726,0.794784,0.142465,0.93725,0.800817
gefcom_solar,fan,rlinear_q,96,1,none,0.109993,0.219985,0.776922,0.136798,0.913721,0.778476
gefcom_solar,fan,rlinear_q,96,1,pooled,0.110885,0.221771,0.790375,0.142688,0.933063,0.799995
gefcom_solar,fan,rlinear_q,96,1,perstep,0.109798,0.219595,0.792336,0.142139,0.934475,0.799914
gefcom_solar,fan,rlinear_q,96,2,none,0.110791,0.221581,0.793988,0.140141,0.934129,0.798887
gefcom_solar,fan,rlinear_q,96,2,pooled,0.11146,0.22292,0.794005,0.142054,0.936059,0.800007
gefcom_solar,fan,rlinear_q,96,2,perstep,0.110007,0.220013,0.796675,0.141134,0.93781,0.801183
gefcom_solar,fan,rlinear_q,96,3,none,0.109039,0.218078,0.796822,0.135116,0.931937,0.799787
gefcom_solar,fan,rlinear_q,96,3,pooled,0.109837,0.219674,0.794044,0.142505,0.936549,0.800029
gefcom_solar,fan,rlinear_q,96,3,perstep,0.109064,0.218128,0.795811,0.141554,0.937365,0.800432
gefcom_solar,fan,rlinear_q,96,4,none,0.107658,0.215316,0.786149,0.122302,0.90845,0.780589
gefcom_solar,fan,rlinear_q,96,4,pooled,0.108866,0.217733,0.793664,0.14233,0.935995,0.800494
gefcom_solar,fan,rlinear_q,96,4,perstep,0.108361,0.216723,0.794903,0.141472,0.936374,0.800966
gefcom_solar,condnorm,rlinear_q,96,0,none,0.057558,0.115115,0.681794,0.158512,0.840306,0.661788
gefcom_solar,condnorm,rlinear_q,96,0,pooled,0.057116,0.114233,0.817317,0.095607,0.912924,0.799995
gefcom_solar,condnorm,rlinear_q,96,0,perstep,0.057118,0.114237,0.81692,0.095798,0.912719,0.799568
gefcom_solar,condnorm,rlinear_q,96,1,none,0.057707,0.115413,0.631494,0.182441,0.813935,0.617321
gefcom_solar,condnorm,rlinear_q,96,1,pooled,0.05691,0.11382,0.816937,0.096367,0.913304,0.799995
gefcom_solar,condnorm,rlinear_q,96,1,perstep,0.056912,0.113824,0.816628,0.096586,0.913214,0.799568
gefcom_solar,condnorm,rlinear_q,96,2,none,0.057682,0.115363,0.632977,0.182224,0.815201,0.617529
gefcom_solar,condnorm,rlinear_q,96,2,pooled,0.056901,0.113802,0.818198,0.095573,0.913771,0.799995
gefcom_solar,condnorm,rlinear_q,96,2,perstep,0.056903,0.113806,0.817585,0.095827,0.913411,0.799568
gefcom_solar,condnorm,rlinear_q,96,3,none,0.057531,0.115062,0.668597,0.164655,0.833252,0.651602
gefcom_solar,condnorm,rlinear_q,96,3,pooled,0.057002,0.114003,0.81772,0.095641,0.91336,0.799995
gefcom_solar,condnorm,rlinear_q,96,3,perstep,0.057004,0.114008,0.817582,0.09568,0.913262,0.799568
gefcom_solar,condnorm,rlinear_q,96,4,none,0.057585,0.11517,0.658782,0.168875,0.827658,0.642088
gefcom_solar,condnorm,rlinear_q,96,4,pooled,0.056986,0.113972,0.817542,0.09548,0.913023,0.799995
gefcom_solar,condnorm,rlinear_q,96,4,perstep,0.056988,0.113976,0.81721,0.09568,0.912891,0.799568
gefcom_solar,raw,rlinear_q,336,0,none,0.096094,0.192188,0.882214,0.073891,0.956104,0.891091
gefcom_solar,raw,rlinear_q,336,0,pooled,0.094952,0.189905,0.800753,0.139437,0.940191,0.818036
gefcom_solar,raw,rlinear_q,336,0,perstep,0.094411,0.188821,0.807774,0.134717,0.94249,0.826351
gefcom_solar,raw,rlinear_q,336,1,none,0.095989,0.191977,0.89153,0.064797,0.956327,0.894116
gefcom_solar,raw,rlinear_q,336,1,pooled,0.094592,0.189185,0.812324,0.129584,0.941908,0.822666
gefcom_solar,raw,rlinear_q,336,1,perstep,0.093975,0.187949,0.82125,0.123104,0.944353,0.833443
gefcom_solar,raw,rlinear_q,336,2,none,0.095894,0.191789,0.890947,0.065803,0.95675,0.894207
gefcom_solar,raw,rlinear_q,336,2,pooled,0.09461,0.189219,0.811268,0.13102,0.942288,0.822447
gefcom_solar,raw,rlinear_q,336,2,perstep,0.093942,0.187885,0.820037,0.124623,0.94466,0.832993
gefcom_solar,raw,rlinear_q,336,3,none,0.095944,0.191889,0.886799,0.069261,0.95606,0.89218
gefcom_solar,raw,rlinear_q,336,3,pooled,0.094773,0.189546,0.804833,0.1359,0.940732,0.819188
gefcom_solar,raw,rlinear_q,336,3,perstep,0.094207,0.188414,0.813354,0.130143,0.943495,0.828858
gefcom_solar,raw,rlinear_q,336,4,none,0.095912,0.191824,0.887697,0.06824,0.955937,0.893102
gefcom_solar,raw,rlinear_q,336,4,pooled,0.094713,0.189425,0.806285,0.134653,0.940938,0.820772
gefcom_solar,raw,rlinear_q,336,4,perstep,0.094025,0.18805,0.814811,0.128635,0.943446,0.8301
gefcom_solar,revin,rlinear_q,336,0,none,0.095967,0.191935,0.887388,0.067974,0.955361,0.895883
gefcom_solar,revin,rlinear_q,336,0,pooled,0.094725,0.18945,0.800628,0.137648,0.938275,0.825117
gefcom_solar,revin,rlinear_q,336,0,perstep,0.094168,0.188336,0.809522,0.131592,0.941114,0.834871
gefcom_solar,revin,rlinear_q,336,1,none,0.096066,0.192131,0.890019,0.06669,0.956709,0.895511
gefcom_solar,revin,rlinear_q,336,1,pooled,0.094747,0.189493,0.807573,0.133374,0.940947,0.82623
gefcom_solar,revin,rlinear_q,336,1,perstep,0.093944,0.187887,0.818286,0.126216,0.944503,0.839617
gefcom_solar,revin,rlinear_q,336,2,none,0.095787,0.191574,0.894298,0.06437,0.958668,0.900081
gefcom_solar,revin,rlinear_q,336,2,pooled,0.094439,0.188877,0.808326,0.133045,0.941371,0.827365
gefcom_solar,revin,rlinear_q,336,2,perstep,0.093656,0.187312,0.820542,0.1247,0.945241,0.842098
gefcom_solar,revin,rlinear_q,336,3,none,0.095582,0.191163,0.885461,0.068693,0.954154,0.892851
gefcom_solar,revin,rlinear_q,336,3,pooled,0.094317,0.188634,0.803448,0.135926,0.939375,0.824954
gefcom_solar,revin,rlinear_q,336,3,perstep,0.093702,0.187403,0.811738,0.129705,0.941443,0.835184
gefcom_solar,revin,rlinear_q,336,4,none,0.095943,0.191886,0.88934,0.066182,0.955522,0.895207
gefcom_solar,revin,rlinear_q,336,4,pooled,0.094736,0.189472,0.803666,0.135896,0.939562,0.825486
gefcom_solar,revin,rlinear_q,336,4,perstep,0.093852,0.187705,0.816508,0.127258,0.943765,0.840239
gefcom_solar,san,rlinear_q,336,0,none,0.099433,0.198866,0.843741,0.086706,0.930446,0.861052
gefcom_solar,san,rlinear_q,336,0,pooled,0.099762,0.199525,0.775478,0.147029,0.922507,0.804857
gefcom_solar,san,rlinear_q,336,0,perstep,0.099357,0.198714,0.777473,0.145436,0.92291,0.809481
gefcom_solar,san,rlinear_q,336,1,none,0.099403,0.198806,0.845844,0.082563,0.928406,0.86748
gefcom_solar,san,rlinear_q,336,1,pooled,0.099789,0.199577,0.766568,0.152905,0.919473,0.805603
gefcom_solar,san,rlinear_q,336,1,perstep,0.099405,0.19881,0.768172,0.152183,0.920355,0.810322
gefcom_solar,san,rlinear_q,336,2,none,0.098979,0.197957,0.844801,0.085394,0.930194,0.863332
gefcom_solar,san,rlinear_q,336,2,pooled,0.099296,0.198592,0.773604,0.148997,0.922601,0.805478
gefcom_solar,san,rlinear_q,336,2,perstep,0.098936,0.197872,0.774856,0.148206,0.923062,0.809946
gefcom_solar,san,rlinear_q,336,3,none,0.099647,0.199294,0.842028,0.085127,0.927156,0.864353
gefcom_solar,san,rlinear_q,336,3,pooled,0.100085,0.20017,0.765772,0.153106,0.918879,0.80432
gefcom_solar,san,rlinear_q,336,3,perstep,0.099686,0.199373,0.766829,0.152819,0.919648,0.809125
gefcom_solar,san,rlinear_q,336,4,none,0.099139,0.198278,0.846069,0.084728,0.930797,0.864834
gefcom_solar,san,rlinear_q,336,4,pooled,0.099512,0.199025,0.773213,0.149153,0.922365,0.805789
gefcom_solar,san,rlinear_q,336,4,perstep,0.099098,0.198196,0.775185,0.148073,0.923258,0.810556
gefcom_solar,fan,rlinear_q,336,0,none,0.113432,0.226864,0.738295,0.146376,0.88467,0.719815
gefcom_solar,fan,rlinear_q,336,0,pooled,0.114719,0.229437,0.801129,0.148225,0.949354,0.799999
gefcom_solar,fan,rlinear_q,336,0,perstep,0.114484,0.228967,0.799869,0.149481,0.94935,0.799634
gefcom_solar,fan,rlinear_q,336,1,none,0.112655,0.225311,0.802245,0.141336,0.943581,0.786173
gefcom_solar,fan,rlinear_q,336,1,pooled,0.114451,0.228902,0.804029,0.153962,0.95799,0.800123
gefcom_solar,fan,rlinear_q,336,1,perstep,0.113797,0.227593,0.804772,0.153585,0.958357,0.800367
gefcom_solar,fan,rlinear_q,336,2,none,0.11455,0.2291,0.780531,0.14251,0.923041,0.766504
gefcom_solar,fan,rlinear_q,336,2,pooled,0.116328,0.232656,0.798518,0.154711,0.953229,0.800411
gefcom_solar,fan,rlinear_q,336,2,perstep,0.114863,0.229725,0.801951,0.154453,0.956404,0.800753
gefcom_solar,fan,rlinear_q,336,3,none,0.112464,0.224929,0.797853,0.138833,0.936686,0.78096
gefcom_solar,fan,rlinear_q,336,3,pooled,0.114408,0.228816,0.803104,0.153837,0.956941,0.800054
gefcom_solar,fan,rlinear_q,336,3,perstep,0.114084,0.228169,0.803558,0.153525,0.957083,0.800396
gefcom_solar,fan,rlinear_q,336,4,none,0.112833,0.225666,0.795907,0.141945,0.937852,0.781552
gefcom_solar,fan,rlinear_q,336,4,pooled,0.114681,0.229363,0.801327,0.154402,0.955729,0.800008
gefcom_solar,fan,rlinear_q,336,4,perstep,0.114007,0.228015,0.802311,0.154307,0.956618,0.800336
gefcom_solar,condnorm,rlinear_q,336,0,none,0.058099,0.116199,0.649011,0.174853,0.823864,0.636154
gefcom_solar,condnorm,rlinear_q,336,0,pooled,0.057436,0.114872,0.816038,0.097263,0.913301,0.799999
gefcom_solar,condnorm,rlinear_q,336,0,perstep,0.057445,0.11489,0.815727,0.097477,0.913204,0.799538
gefcom_solar,condnorm,rlinear_q,336,1,none,0.058109,0.116218,0.648,0.17571,0.823709,0.63574
gefcom_solar,condnorm,rlinear_q,336,1,pooled,0.057441,0.114882,0.816129,0.097273,0.913402,0.799999
gefcom_solar,condnorm,rlinear_q,336,1,perstep,0.057449,0.114898,0.81592,0.097404,0.913323,0.799538
gefcom_solar,condnorm,rlinear_q,336,2,none,0.058022,0.116044,0.669785,0.164647,0.834432,0.655296
gefcom_solar,condnorm,rlinear_q,336,2,pooled,0.057504,0.115009,0.81624,0.097122,0.913362,0.799999
gefcom_solar,condnorm,rlinear_q,336,2,perstep,0.057513,0.115026,0.815889,0.097308,0.913197,0.799538
gefcom_solar,condnorm,rlinear_q,336,3,none,0.057962,0.115923,0.686946,0.156614,0.843559,0.671072
gefcom_solar,condnorm,rlinear_q,336,3,pooled,0.057554,0.115109,0.81599,0.096908,0.912898,0.799999
gefcom_solar,condnorm,rlinear_q,336,3,perstep,0.057562,0.115125,0.815578,0.097137,0.912716,0.799538
gefcom_solar,condnorm,rlinear_q,336,4,none,0.058097,0.116194,0.647775,0.17558,0.823355,0.635704
gefcom_solar,condnorm,rlinear_q,336,4,pooled,0.057426,0.114851,0.815683,0.097507,0.91319,0.799999
gefcom_solar,condnorm,rlinear_q,336,4,perstep,0.057434,0.114867,0.815351,0.097707,0.913058,0.799538
jeju_wind,raw,lgbm_q,24,0,none,0.166815,0.33363,0.691939,0.192074,0.884013,0.654748
jeju_wind,raw,lgbm_q,24,0,pooled,0.165728,0.331455,0.849676,0.074822,0.924498,0.799998
jeju_wind,raw,lgbm_q,24,0,perstep,0.164825,0.329651,0.850774,0.073871,0.924645,0.800229
jeju_wind,winz,lgbm_q,24,0,none,0.17096,0.34192,0.719322,0.141008,0.86033,0.691275
jeju_wind,winz,lgbm_q,24,0,pooled,0.169389,0.338778,0.828084,0.073578,0.901662,0.799988
jeju_wind,winz,lgbm_q,24,0,perstep,0.168892,0.337784,0.827844,0.073547,0.901391,0.800056
jeju_wind,condnorm,lgbm_q,24,0,none,0.132578,0.265156,0.639021,0.18074,0.819762,0.61905
jeju_wind,condnorm,lgbm_q,24,0,pooled,0.129097,0.258194,0.823881,0.055458,0.879339,0.799988
jeju_wind,condnorm,lgbm_q,24,0,perstep,0.128805,0.257611,0.824404,0.054967,0.879371,0.800037
jeju_wind,raw,lgbm_q,48,0,none,0.197401,0.394801,0.666262,0.210674,0.876936,0.643511
jeju_wind,raw,lgbm_q,48,0,pooled,0.194182,0.388365,0.835206,0.084091,0.919296,0.800016
jeju_wind,raw,lgbm_q,48,0,perstep,0.192841,0.385683,0.838246,0.081782,0.920028,0.799928
jeju_wind,winz,lgbm_q,48,0,none,0.201509,0.403017,0.709243,0.147306,0.856549,0.690569
jeju_wind,winz,lgbm_q,48,0,pooled,0.198911,0.397823,0.813778,0.083907,0.897685,0.800011
jeju_wind,winz,lgbm_q,48,0,perstep,0.198427,0.396854,0.813205,0.08398,0.897185,0.799899
jeju_wind,condnorm,lgbm_q,48,0,none,0.13539,0.270779,0.632947,0.183376,0.816324,0.610077
jeju_wind,condnorm,lgbm_q,48,0,pooled,0.131257,0.262514,0.825549,0.054768,0.880317,0.799996
jeju_wind,condnorm,lgbm_q,48,0,perstep,0.131083,0.262165,0.825386,0.054679,0.880065,0.79986
gefcom_wind,raw,lgbm_q,24,0,none,0.216268,0.432536,0.690916,0.108186,0.799102,0.687059
gefcom_wind,raw,lgbm_q,24,0,pooled,0.213649,0.427298,0.791801,0.074558,0.866359,0.799965
gefcom_wind,raw,lgbm_q,24,0,perstep,0.214694,0.429388,0.788719,0.075697,0.864416,0.799788
gefcom_wind,winz,lgbm_q,24,0,none,0.209985,0.419969,0.678323,0.149719,0.828041,0.682733
gefcom_wind,winz,lgbm_q,24,0,pooled,0.20811,0.416219,0.797897,0.131699,0.929595,0.799965
gefcom_wind,winz,lgbm_q,24,0,perstep,0.208439,0.416878,0.798566,0.133039,0.931605,0.799788
gefcom_wind,condnorm,lgbm_q,24,0,none,0.103877,0.207754,0.586214,0.213223,0.799437,0.593176
gefcom_wind,condnorm,lgbm_q,24,0,pooled,0.099608,0.199217,0.802921,0.142149,0.94507,0.799965
gefcom_wind,condnorm,lgbm_q,24,0,perstep,0.099423,0.198846,0.803055,0.141546,0.944601,0.799788
gefcom_load,raw,lgbm_q,24,0,none,0.098281,0.196562,0.759896,0.095957,0.855853,0.748481
gefcom_load,raw,lgbm_q,24,0,pooled,0.097593,0.195186,0.8083,0.087322,0.895622,0.799999
gefcom_load,raw,lgbm_q,24,0,perstep,0.097467,0.194935,0.80832,0.08725,0.89557,0.79995
gefcom_load,winz,lgbm_q,24,0,none,0.094394,0.188787,0.753269,0.122448,0.875716,0.732695
gefcom_load,winz,lgbm_q,24,0,pooled,0.094165,0.188329,0.815832,0.093033,0.908865,0.799999
gefcom_load,winz,lgbm_q,24,0,perstep,0.094112,0.188224,0.815481,0.093491,0.908972,0.79995
gefcom_load,condnorm,lgbm_q,24,0,none,0.065511,0.131022,0.673263,0.119038,0.7923,0.677799
gefcom_load,condnorm,lgbm_q,24,0,pooled,0.063297,0.126594,0.795269,0.114484,0.909754,0.799999
gefcom_load,condnorm,lgbm_q,24,0,perstep,0.063093,0.126186,0.795108,0.114588,0.909695,0.79995
gefcom_solar,raw,lgbm_q,24,0,none,0.056934,0.113868,0.849408,0.082185,0.931593,0.818926
gefcom_solar,raw,lgbm_q,24,0,pooled,0.057251,0.114503,0.863551,0.345599,0.945736,0.846317
gefcom_solar,raw,lgbm_q,24,0,perstep,0.05726,0.114519,0.863584,0.501755,0.945769,0.846162
gefcom_solar,winz,lgbm_q,24,0,none,0.062616,0.125233,0.801625,0.115273,0.916899,0.764231
gefcom_solar,winz,lgbm_q,24,0,pooled,0.062792,0.125585,0.824368,0.107965,0.932333,0.799991
gefcom_solar,winz,lgbm_q,24,0,perstep,0.062797,0.125593,0.824534,0.107865,0.932399,0.800002
gefcom_solar,condnorm,lgbm_q,24,0,none,0.043689,0.087378,0.704701,0.141053,0.845754,0.66681
gefcom_solar,condnorm,lgbm_q,24,0,pooled,0.043429,0.086858,0.810491,0.09699,0.907481,0.799991
gefcom_solar,condnorm,lgbm_q,24,0,perstep,0.043425,0.08685,0.810148,0.097156,0.907304,0.799682
