dataset,alpha_kind,backbone,h,seed,L,mse,alpha_mean
gefcom_wind,alphahat,rlinear,24,0,336,0.168896,1.0
gefcom_wind,alphahat,rlinear,24,1,336,0.169681,1.0
gefcom_wind,alphahat,rlinear,24,2,336,0.170121,1.0
gefcom_wind,alphahat,rlinear,24,3,336,0.169469,1.0
gefcom_wind,alphahat,rlinear,24,4,336,0.169051,1.0
gefcom_wind,alphahat,lgbm_dms,24,0,336,0.160164,1.0
gefcom_wind,alphahat,rlinear,96,0,336,0.167456,1.0
gefcom_wind,alphahat,rlinear,96,1,336,0.167222,1.0
gefcom_wind,alphahat,rlinear,96,2,336,0.167158,1.0
gefcom_wind,alphahat,rlinear,96,3,336,0.169223,1.0
gefcom_wind,alphahat,rlinear,96,4,336,0.166881,1.0
gefcom_wind,alphahat,lgbm_dms,96,0,336,0.157864,1.0
gefcom_wind,alphahat,rlinear,336,0,336,0.186297,1.0
gefcom_wind,alphahat,rlinear,336,1,336,0.184648,1.0
gefcom_wind,alphahat,rlinear,336,2,336,0.18627,1.0
gefcom_wind,alphahat,rlinear,336,3,336,0.183608,1.0
gefcom_wind,alphahat,rlinear,336,4,336,0.184703,1.0
gefcom_wind,alphahat,lgbm_dms,336,0,336,0.173868,1.0
gefcom_wind,lpsclip,rlinear,24,0,336,0.193332,0.744
gefcom_wind,lpsclip,rlinear,24,1,336,0.196995,0.744
gefcom_wind,lpsclip,rlinear,24,2,336,0.192188,0.744
gefcom_wind,lpsclip,rlinear,24,3,336,0.190158,0.744
gefcom_wind,lpsclip,rlinear,24,4,336,0.186087,0.744
gefcom_wind,lpsclip,lgbm_dms,24,0,336,0.170846,0.744
gefcom_wind,lpsclip,rlinear,96,0,336,0.213769,0.744
gefcom_wind,lpsclip,rlinear,96,1,336,0.21638,0.744
gefcom_wind,lpsclip,rlinear,96,2,336,0.216275,0.744
gefcom_wind,lpsclip,rlinear,96,3,336,0.21808,0.744
gefcom_wind,lpsclip,rlinear,96,4,336,0.212972,0.744
gefcom_wind,lpsclip,lgbm_dms,96,0,336,0.197037,0.744
gefcom_wind,lpsclip,rlinear,336,0,336,0.247208,0.744
gefcom_wind,lpsclip,rlinear,336,1,336,0.24444,0.744
gefcom_wind,lpsclip,rlinear,336,2,336,0.250473,0.744
gefcom_wind,lpsclip,rlinear,336,3,336,0.25053,0.744
gefcom_wind,lpsclip,rlinear,336,4,336,0.24232,0.744
gefcom_wind,lpsclip,lgbm_dms,336,0,336,0.222931,0.744
jeju_wind,alphahat,rlinear,24,0,192,0.295471,0.9134
jeju_wind,alphahat,rlinear,24,1,192,0.290499,0.9134
jeju_wind,alphahat,rlinear,24,2,192,0.295502,0.9134
jeju_wind,alphahat,rlinear,24,3,192,0.288385,0.9134
jeju_wind,alphahat,rlinear,24,4,192,0.288737,0.9134
jeju_wind,alphahat,lgbm_dms,24,0,336,0.290598,0.9134
jeju_wind,alphahat,rlinear,48,0,336,0.297071,0.9134
jeju_wind,alphahat,rlinear,48,1,336,0.298442,0.9134
jeju_wind,alphahat,rlinear,48,2,336,0.301246,0.9134
jeju_wind,alphahat,rlinear,48,3,336,0.298146,0.9134
jeju_wind,alphahat,rlinear,48,4,336,0.296986,0.9134
jeju_wind,alphahat,lgbm_dms,48,0,336,0.300789,0.9134
jeju_wind,lpsclip,rlinear,24,0,192,0.295685,0.745
jeju_wind,lpsclip,rlinear,24,1,192,0.293197,0.745
jeju_wind,lpsclip,rlinear,24,2,192,0.296932,0.745
jeju_wind,lpsclip,rlinear,24,3,192,0.296676,0.745
jeju_wind,lpsclip,rlinear,24,4,192,0.30039,0.745
jeju_wind,lpsclip,lgbm_dms,24,0,336,0.307193,0.745
jeju_wind,lpsclip,rlinear,48,0,336,0.324514,0.745
jeju_wind,lpsclip,rlinear,48,1,336,0.321189,0.745
jeju_wind,lpsclip,rlinear,48,2,336,0.325436,0.745
jeju_wind,lpsclip,rlinear,48,3,336,0.323659,0.745
jeju_wind,lpsclip,rlinear,48,4,336,0.320248,0.745
jeju_wind,lpsclip,lgbm_dms,48,0,336,0.337244,0.745
etth1,alphahat,rlinear,24,0,96,0.408351,0.4842
etth1,alphahat,rlinear,24,1,96,0.408822,0.4842
etth1,alphahat,rlinear,24,2,96,0.414525,0.4842
etth1,alphahat,rlinear,24,3,96,0.410923,0.4842
etth1,alphahat,rlinear,24,4,96,0.415219,0.4842
etth1,alphahat,lgbm_dms,24,0,336,0.537893,0.4842
etth1,alphahat,rlinear,96,0,336,0.467188,0.4842
etth1,alphahat,rlinear,96,1,336,0.466698,0.4842
etth1,alphahat,rlinear,96,2,336,0.468714,0.4842
etth1,alphahat,rlinear,96,3,336,0.472347,0.4842
etth1,alphahat,rlinear,96,4,336,0.466116,0.4842
etth1,alphahat,lgbm_dms,96,0,336,0.545916,0.4842
etth1,alphahat,rlinear,336,0,336,0.524499,0.4842
etth1,alphahat,rlinear,336,1,336,0.518533,0.4842
etth1,alphahat,rlinear,336,2,336,0.519447,0.4842
etth1,alphahat,rlinear,336,3,336,0.520904,0.4842
etth1,alphahat,rlinear,336,4,336,0.517826,0.4842
etth1,alphahat,lgbm_dms,336,0,336,0.584829,0.4842
etth1,lpsclip,rlinear,24,0,96,0.316096,0.0
etth1,lpsclip,rlinear,24,1,96,0.313764,0.0
etth1,lpsclip,rlinear,24,2,96,0.3135,0.0
etth1,lpsclip,rlinear,24,3,96,0.314348,0.0
etth1,lpsclip,rlinear,24,4,96,0.313741,0.0
etth1,lpsclip,lgbm_dms,24,0,336,0.295681,0.0
etth1,lpsclip,rlinear,96,0,336,0.402388,0.0
etth1,lpsclip,rlinear,96,1,336,0.388253,0.0
etth1,lpsclip,rlinear,96,2,336,0.391223,0.0
etth1,lpsclip,rlinear,96,3,336,0.385476,0.0
etth1,lpsclip,rlinear,96,4,336,0.384933,0.0
etth1,lpsclip,lgbm_dms,96,0,336,0.37981,0.0
etth1,lpsclip,rlinear,336,0,336,0.464161,0.0
etth1,lpsclip,rlinear,336,1,336,0.455876,0.0
etth1,lpsclip,rlinear,336,2,336,0.453276,0.0
etth1,lpsclip,rlinear,336,3,336,0.504216,0.0
etth1,lpsclip,rlinear,336,4,336,0.453439,0.0
etth1,lpsclip,lgbm_dms,336,0,336,0.474802,0.0
etth2,alphahat,rlinear,24,0,192,0.231753,0.5206
etth2,alphahat,rlinear,24,1,192,0.22736,0.5206
etth2,alphahat,rlinear,24,2,192,0.229308,0.5206
etth2,alphahat,rlinear,24,3,192,0.22836,0.5206
etth2,alphahat,rlinear,24,4,192,0.232189,0.5206
etth2,alphahat,lgbm_dms,24,0,336,1.101087,0.5206
etth2,alphahat,rlinear,96,0,192,0.390585,0.5206
etth2,alphahat,rlinear,96,1,192,0.395142,0.5206
etth2,alphahat,rlinear,96,2,192,0.405024,0.5206
etth2,alphahat,rlinear,96,3,192,0.401017,0.5206
etth2,alphahat,rlinear,96,4,192,0.404971,0.5206
etth2,alphahat,lgbm_dms,96,0,336,1.151286,0.5206
etth2,alphahat,rlinear,336,0,192,0.578121,0.5206
etth2,alphahat,rlinear,336,1,192,0.607858,0.5206
etth2,alphahat,rlinear,336,2,192,0.610586,0.5206
etth2,alphahat,rlinear,336,3,192,0.604727,0.5206
etth2,alphahat,rlinear,336,4,192,0.610561,0.5206
etth2,alphahat,lgbm_dms,336,0,336,1.187104,0.5206
etth2,lpsclip,rlinear,24,0,192,0.180007,0.0
etth2,lpsclip,rlinear,24,1,192,0.176059,0.0
etth2,lpsclip,rlinear,24,2,192,0.182703,0.0
etth2,lpsclip,rlinear,24,3,192,0.172953,0.0
etth2,lpsclip,rlinear,24,4,192,0.174596,0.0
etth2,lpsclip,lgbm_dms,24,0,336,0.431337,0.0
etth2,lpsclip,rlinear,96,0,192,0.306733,0.0
etth2,lpsclip,rlinear,96,1,192,0.320325,0.0
etth2,lpsclip,rlinear,96,2,192,0.311867,0.0
etth2,lpsclip,rlinear,96,3,192,0.315705,0.0
etth2,lpsclip,rlinear,96,4,192,0.315237,0.0
etth2,lpsclip,lgbm_dms,96,0,336,0.650767,0.0
etth2,lpsclip,rlinear,336,0,192,0.493762,0.0
etth2,lpsclip,rlinear,336,1,192,0.494266,0.0
etth2,lpsclip,rlinear,336,2,192,0.531259,0.0
etth2,lpsclip,rlinear,336,3,192,0.48096,0.0
etth2,lpsclip,rlinear,336,4,192,0.486716,0.0
etth2,lpsclip,lgbm_dms,336,0,336,0.633376,0.0
weather,alphahat,rlinear,24,0,336,0.107394,0.4499
weather,alphahat,rlinear,24,1,336,0.105583,0.4499
weather,alphahat,rlinear,24,2,336,0.107395,0.4499
weather,alphahat,rlinear,24,3,336,0.108505,0.4499
weather,alphahat,rlinear,24,4,336,0.10833,0.4499
weather,alphahat,lgbm_dms,24,0,336,0.120999,0.4499
weather,alphahat,rlinear,96,0,336,0.183525,0.4499
weather,alphahat,rlinear,96,1,336,0.183898,0.4499
weather,alphahat,rlinear,96,2,336,0.183915,0.4499
weather,alphahat,rlinear,96,3,336,0.181019,0.4499
weather,alphahat,rlinear,96,4,336,0.182261,0.4499
weather,alphahat,lgbm_dms,96,0,336,0.183169,0.4499
weather,alphahat,rlinear,336,0,720,0.269477,0.4499
weather,alphahat,rlinear,336,1,720,0.275551,0.4499
weather,alphahat,rlinear,336,2,720,0.277448,0.4499
weather,alphahat,rlinear,336,3,720,0.279971,0.4499
weather,alphahat,rlinear,336,4,720,0.277606,0.4499
weather,alphahat,lgbm_dms,336,0,336,0.267542,0.4499
weather,lpsclip,rlinear,24,0,336,0.103816,0.11
weather,lpsclip,rlinear,24,1,336,0.10442,0.11
weather,lpsclip,rlinear,24,2,336,0.106725,0.11
weather,lpsclip,rlinear,24,3,336,0.103823,0.11
weather,lpsclip,rlinear,24,4,336,0.107406,0.11
weather,lpsclip,lgbm_dms,24,0,336,0.097783,0.11
weather,lpsclip,rlinear,96,0,336,0.171858,0.11
weather,lpsclip,rlinear,96,1,336,0.179311,0.11
weather,lpsclip,rlinear,96,2,336,0.175,0.11
weather,lpsclip,rlinear,96,3,336,0.175818,0.11
weather,lpsclip,rlinear,96,4,336,0.178101,0.11
weather,lpsclip,lgbm_dms,96,0,336,0.160571,0.11
weather,lpsclip,rlinear,336,0,720,0.261373,0.11
weather,lpsclip,rlinear,336,1,720,0.260323,0.11
weather,lpsclip,rlinear,336,2,720,0.261852,0.11
weather,lpsclip,rlinear,336,3,720,0.273269,0.11
weather,lpsclip,rlinear,336,4,720,0.266345,0.11
weather,lpsclip,lgbm_dms,336,0,336,0.254689,0.11
electricity,alphahat,rlinear,24,0,336,0.114109,0.8853
electricity,alphahat,rlinear,24,1,336,0.117444,0.8853
electricity,alphahat,rlinear,24,2,336,0.116498,0.8853
electricity,alphahat,rlinear,24,3,336,0.11569,0.8853
electricity,alphahat,rlinear,24,4,336,0.115503,0.8853
electricity,alphahat,lgbm_dms,24,0,336,0.119185,0.8853
electricity,alphahat,rlinear,96,0,720,0.152965,0.8853
electricity,alphahat,rlinear,96,1,720,0.154172,0.8853
electricity,alphahat,rlinear,96,2,720,0.154269,0.8853
electricity,alphahat,rlinear,96,3,720,0.152596,0.8853
electricity,alphahat,rlinear,96,4,720,0.153916,0.8853
electricity,alphahat,lgbm_dms,96,0,336,0.152472,0.8853
electricity,alphahat,rlinear,336,0,336,0.191516,0.8853
electricity,alphahat,rlinear,336,1,336,0.195146,0.8853
electricity,alphahat,rlinear,336,2,336,0.191782,0.8853
electricity,alphahat,rlinear,336,3,336,0.192065,0.8853
electricity,alphahat,rlinear,336,4,336,0.192754,0.8853
electricity,alphahat,lgbm_dms,336,0,336,0.195094,0.8853
electricity,lpsclip,rlinear,24,0,336,0.110101,0.283
electricity,lpsclip,rlinear,24,1,336,0.108237,0.283
electricity,lpsclip,rlinear,24,2,336,0.110673,0.283
electricity,lpsclip,rlinear,24,3,336,0.110391,0.283
electricity,lpsclip,rlinear,24,4,336,0.110307,0.283
electricity,lpsclip,lgbm_dms,24,0,336,0.10402,0.283
electricity,lpsclip,rlinear,96,0,720,0.142308,0.283
electricity,lpsclip,rlinear,96,1,720,0.144178,0.283
electricity,lpsclip,rlinear,96,2,720,0.142466,0.283
electricity,lpsclip,rlinear,96,3,720,0.144299,0.283
electricity,lpsclip,rlinear,96,4,720,0.143949,0.283
electricity,lpsclip,lgbm_dms,96,0,336,0.134634,0.283
electricity,lpsclip,rlinear,336,0,336,0.171475,0.283
electricity,lpsclip,rlinear,336,1,336,0.172609,0.283
electricity,lpsclip,rlinear,336,2,336,0.171589,0.283
electricity,lpsclip,rlinear,336,3,336,0.171265,0.283
electricity,lpsclip,rlinear,336,4,336,0.177351,0.283
electricity,lpsclip,lgbm_dms,336,0,336,0.166033,0.283
