zone,backbone,norm,h,seed,L,mse,lps
1,rlinear,raw,24,0,336,1.046692,0.7012
1,rlinear,raw,24,1,336,1.047161,0.7012
1,rlinear,raw,24,2,336,1.050407,0.7012
1,rlinear,raw,24,3,336,1.053561,0.7012
1,rlinear,raw,24,4,336,1.058699,0.7012
1,rlinear,revin,24,0,336,1.030069,0.7012
1,rlinear,revin,24,1,336,1.028558,0.7012
1,rlinear,revin,24,2,336,1.005351,0.7012
1,rlinear,revin,24,3,336,1.006577,0.7012
1,rlinear,revin,24,4,336,1.048762,0.7012
1,rlinear,condnorm,24,0,336,0.572571,0.7012
1,rlinear,condnorm,24,1,336,0.570853,0.7012
1,rlinear,condnorm,24,2,336,0.566159,0.7012
1,rlinear,condnorm,24,3,336,0.567469,0.7012
1,rlinear,condnorm,24,4,336,0.580291,0.7012
1,lgbm_dms,winz,24,0,336,1.079688,0.7012
1,lgbm_dms,raw,24,0,336,1.073121,0.7012
1,lgbm_dms,condnorm,24,0,336,0.547634,0.7012
1,rlinear,raw,96,0,336,1.298281,0.7012
1,rlinear,raw,96,1,336,1.334105,0.7012
1,rlinear,raw,96,2,336,1.320058,0.7012
1,rlinear,raw,96,3,336,1.331852,0.7012
1,rlinear,raw,96,4,336,1.315076,0.7012
1,rlinear,revin,96,0,336,1.242266,0.7012
1,rlinear,revin,96,1,336,1.227533,0.7012
1,rlinear,revin,96,2,336,1.218546,0.7012
1,rlinear,revin,96,3,336,1.243829,0.7012
1,rlinear,revin,96,4,336,1.241434,0.7012
1,rlinear,condnorm,96,0,336,0.549225,0.7012
1,rlinear,condnorm,96,1,336,0.556963,0.7012
1,rlinear,condnorm,96,2,336,0.550307,0.7012
1,rlinear,condnorm,96,3,336,0.548289,0.7012
1,rlinear,condnorm,96,4,336,0.557679,0.7012
1,lgbm_dms,winz,96,0,336,1.349103,0.7012
1,lgbm_dms,raw,96,0,336,1.353288,0.7012
1,lgbm_dms,condnorm,96,0,336,0.532495,0.7012
1,rlinear,raw,336,0,336,1.547256,0.7012
1,rlinear,raw,336,1,336,1.53168,0.7012
1,rlinear,raw,336,2,336,1.53214,0.7012
1,rlinear,raw,336,3,336,1.509688,0.7012
1,rlinear,raw,336,4,336,1.528855,0.7012
1,rlinear,revin,336,0,336,1.471023,0.7012
1,rlinear,revin,336,1,336,1.465299,0.7012
1,rlinear,revin,336,2,336,1.459804,0.7012
1,rlinear,revin,336,3,336,1.438957,0.7012
1,rlinear,revin,336,4,336,1.455939,0.7012
1,rlinear,condnorm,336,0,336,0.534813,0.7012
1,rlinear,condnorm,336,1,336,0.53372,0.7012
1,rlinear,condnorm,336,2,336,0.531392,0.7012
1,rlinear,condnorm,336,3,336,0.532605,0.7012
1,rlinear,condnorm,336,4,336,0.536984,0.7012
1,lgbm_dms,winz,336,0,336,1.546388,0.7012
1,lgbm_dms,raw,336,0,336,1.504964,0.7012
1,lgbm_dms,condnorm,336,0,336,0.513339,0.7012
10,rlinear,raw,24,0,336,0.935565,0.6433
10,rlinear,raw,24,1,336,0.926941,0.6433
10,rlinear,raw,24,2,336,0.950203,0.6433
10,rlinear,raw,24,3,336,0.966399,0.6433
10,rlinear,raw,24,4,336,0.93899,0.6433
10,rlinear,revin,24,0,336,0.957397,0.6433
10,rlinear,revin,24,1,336,0.953925,0.6433
10,rlinear,revin,24,2,336,0.957298,0.6433
10,rlinear,revin,24,3,336,0.967685,0.6433
10,rlinear,revin,24,4,336,0.963269,0.6433
10,rlinear,condnorm,24,0,336,0.487264,0.6433
10,rlinear,condnorm,24,1,336,0.499052,0.6433
10,rlinear,condnorm,24,2,336,0.487112,0.6433
10,rlinear,condnorm,24,3,336,0.489091,0.6433
10,rlinear,condnorm,24,4,336,0.488431,0.6433
10,lgbm_dms,winz,24,0,336,0.915694,0.6433
10,lgbm_dms,raw,24,0,336,0.911986,0.6433
10,lgbm_dms,condnorm,24,0,336,0.42584,0.6433
10,rlinear,raw,96,0,336,1.05634,0.6433
10,rlinear,raw,96,1,336,1.077837,0.6433
10,rlinear,raw,96,2,336,1.07648,0.6433
10,rlinear,raw,96,3,336,1.063669,0.6433
10,rlinear,raw,96,4,336,1.061171,0.6433
10,rlinear,revin,96,0,336,1.091742,0.6433
10,rlinear,revin,96,1,336,1.115228,0.6433
10,rlinear,revin,96,2,336,1.11234,0.6433
10,rlinear,revin,96,3,336,1.095141,0.6433
10,rlinear,revin,96,4,336,1.098891,0.6433
10,rlinear,condnorm,96,0,336,0.470961,0.6433
10,rlinear,condnorm,96,1,336,0.469577,0.6433
10,rlinear,condnorm,96,2,336,0.470115,0.6433
10,rlinear,condnorm,96,3,336,0.473315,0.6433
10,rlinear,condnorm,96,4,336,0.471542,0.6433
10,lgbm_dms,winz,96,0,336,1.068173,0.6433
10,lgbm_dms,raw,96,0,336,1.059516,0.6433
10,lgbm_dms,condnorm,96,0,336,0.430752,0.6433
10,rlinear,raw,336,0,336,1.114738,0.6433
10,rlinear,raw,336,1,336,1.096461,0.6433
10,rlinear,raw,336,2,336,1.105393,0.6433
10,rlinear,raw,336,3,336,1.110203,0.6433
10,rlinear,raw,336,4,336,1.110777,0.6433
10,rlinear,revin,336,0,336,1.137505,0.6433
10,rlinear,revin,336,1,336,1.141692,0.6433
10,rlinear,revin,336,2,336,1.131387,0.6433
10,rlinear,revin,336,3,336,1.132477,0.6433
10,rlinear,revin,336,4,336,1.136564,0.6433
10,rlinear,condnorm,336,0,336,0.461086,0.6433
10,rlinear,condnorm,336,1,336,0.460781,0.6433
10,rlinear,condnorm,336,2,336,0.460025,0.6433
10,rlinear,condnorm,336,3,336,0.460478,0.6433
10,rlinear,condnorm,336,4,336,0.462263,0.6433
10,lgbm_dms,winz,336,0,336,1.140331,0.6433
10,lgbm_dms,raw,336,0,336,1.119739,0.6433
10,lgbm_dms,condnorm,336,0,336,0.436063,0.6433
2,rlinear,raw,24,0,336,1.097311,0.5753
2,rlinear,raw,24,1,336,1.151484,0.5753
2,rlinear,raw,24,2,336,1.116184,0.5753
2,rlinear,raw,24,3,336,1.133891,0.5753
2,rlinear,raw,24,4,336,1.134858,0.5753
2,rlinear,revin,24,0,336,1.119914,0.5753
2,rlinear,revin,24,1,336,1.139487,0.5753
2,rlinear,revin,24,2,336,1.150456,0.5753
2,rlinear,revin,24,3,336,1.156086,0.5753
2,rlinear,revin,24,4,336,1.159455,0.5753
2,rlinear,condnorm,24,0,336,0.669293,0.5753
2,rlinear,condnorm,24,1,336,0.698484,0.5753
2,rlinear,condnorm,24,2,336,0.686513,0.5753
2,rlinear,condnorm,24,3,336,0.68066,0.5753
2,rlinear,condnorm,24,4,336,0.675344,0.5753
2,lgbm_dms,winz,24,0,336,1.158314,0.5753
2,lgbm_dms,raw,24,0,336,1.086417,0.5753
2,lgbm_dms,condnorm,24,0,336,0.629059,0.5753
2,rlinear,raw,96,0,336,1.446568,0.5753
2,rlinear,raw,96,1,336,1.464063,0.5753
2,rlinear,raw,96,2,336,1.456931,0.5753
2,rlinear,raw,96,3,336,1.48521,0.5753
2,rlinear,raw,96,4,336,1.466848,0.5753
2,rlinear,revin,96,0,336,1.510909,0.5753
2,rlinear,revin,96,1,336,1.529943,0.5753
2,rlinear,revin,96,2,336,1.519025,0.5753
2,rlinear,revin,96,3,336,1.555878,0.5753
2,rlinear,revin,96,4,336,1.527473,0.5753
2,rlinear,condnorm,96,0,336,0.631253,0.5753
2,rlinear,condnorm,96,1,336,0.633471,0.5753
2,rlinear,condnorm,96,2,336,0.636675,0.5753
2,rlinear,condnorm,96,3,336,0.632158,0.5753
2,rlinear,condnorm,96,4,336,0.629794,0.5753
2,lgbm_dms,winz,96,0,336,1.510676,0.5753
2,lgbm_dms,raw,96,0,336,1.423974,0.5753
2,lgbm_dms,condnorm,96,0,336,0.608199,0.5753
2,rlinear,raw,336,0,336,1.583936,0.5753
2,rlinear,raw,336,1,336,1.593077,0.5753
2,rlinear,raw,336,2,336,1.563689,0.5753
2,rlinear,raw,336,3,336,1.585467,0.5753
2,rlinear,raw,336,4,336,1.572017,0.5753
2,rlinear,revin,336,0,336,1.575952,0.5753
2,rlinear,revin,336,1,336,1.572974,0.5753
2,rlinear,revin,336,2,336,1.547997,0.5753
2,rlinear,revin,336,3,336,1.57795,0.5753
2,rlinear,revin,336,4,336,1.562386,0.5753
2,rlinear,condnorm,336,0,336,0.583394,0.5753
2,rlinear,condnorm,336,1,336,0.583075,0.5753
2,rlinear,condnorm,336,2,336,0.582507,0.5753
2,rlinear,condnorm,336,3,336,0.584541,0.5753
2,rlinear,condnorm,336,4,336,0.581996,0.5753
3,rlinear,raw,24,0,336,0.828774,0.699
3,rlinear,raw,24,1,336,0.819988,0.699
3,rlinear,raw,24,2,336,0.819336,0.699
3,rlinear,raw,24,3,336,0.83732,0.699
3,rlinear,raw,24,4,336,0.829249,0.699
3,rlinear,revin,24,0,336,0.840283,0.699
3,rlinear,revin,24,1,336,0.843298,0.699
3,rlinear,revin,24,2,336,0.869844,0.699
3,rlinear,revin,24,3,336,0.869987,0.699
3,rlinear,revin,24,4,336,0.848316,0.699
3,rlinear,condnorm,24,0,336,0.428555,0.699
3,rlinear,condnorm,24,1,336,0.437578,0.699
3,rlinear,condnorm,24,2,336,0.436209,0.699
3,rlinear,condnorm,24,3,336,0.43139,0.699
3,rlinear,condnorm,24,4,336,0.429321,0.699
3,rlinear,raw,96,0,336,1.027292,0.699
3,rlinear,raw,96,1,336,1.032107,0.699
3,rlinear,raw,96,2,336,1.030168,0.699
3,rlinear,raw,96,3,336,1.038615,0.699
3,rlinear,raw,96,4,336,1.045993,0.699
3,rlinear,revin,96,0,336,1.083453,0.699
3,rlinear,revin,96,1,336,1.076735,0.699
3,rlinear,revin,96,2,336,1.092447,0.699
3,rlinear,revin,96,3,336,1.080606,0.699
3,rlinear,revin,96,4,336,1.088567,0.699
3,rlinear,condnorm,96,0,336,0.42326,0.699
3,rlinear,condnorm,96,1,336,0.419467,0.699
3,rlinear,condnorm,96,2,336,0.419134,0.699
3,rlinear,condnorm,96,3,336,0.420134,0.699
3,rlinear,condnorm,96,4,336,0.421522,0.699
3,rlinear,raw,336,0,336,1.076196,0.699
3,rlinear,raw,336,1,336,1.082792,0.699
3,rlinear,raw,336,2,336,1.070816,0.699
3,rlinear,raw,336,3,336,1.083969,0.699
3,rlinear,raw,336,4,336,1.082919,0.699
3,rlinear,revin,336,0,336,1.062413,0.699
3,rlinear,revin,336,1,336,1.045374,0.699
3,rlinear,revin,336,2,336,1.059302,0.699
3,rlinear,revin,336,3,336,1.065442,0.699
3,rlinear,revin,336,4,336,1.071751,0.699
3,rlinear,condnorm,336,0,336,0.435825,0.699
3,rlinear,condnorm,336,1,336,0.43812,0.699
3,rlinear,condnorm,336,2,336,0.437915,0.699
3,rlinear,condnorm,336,3,336,0.43771,0.699
3,rlinear,condnorm,336,4,336,0.437032,0.699
4,rlinear,raw,24,0,336,1.075945,0.7585
4,rlinear,raw,24,1,336,1.099472,0.7585
4,rlinear,raw,24,2,336,1.10226,0.7585
4,rlinear,raw,24,3,336,1.112783,0.7585
4,rlinear,raw,24,4,336,1.074669,0.7585
4,rlinear,revin,24,0,336,1.070851,0.7585
4,rlinear,revin,24,1,336,1.063723,0.7585
4,rlinear,revin,24,2,336,1.083326,0.7585
4,rlinear,revin,24,3,336,1.113059,0.7585
4,rlinear,revin,24,4,336,1.060688,0.7585
4,rlinear,condnorm,24,0,336,0.357172,0.7585
4,rlinear,condnorm,24,1,336,0.353718,0.7585
4,rlinear,condnorm,24,2,336,0.35273,0.7585
4,rlinear,condnorm,24,3,336,0.354261,0.7585
4,rlinear,condnorm,24,4,336,0.35359,0.7585
4,rlinear,raw,96,0,336,1.349809,0.7585
4,rlinear,raw,96,1,336,1.362526,0.7585
4,rlinear,raw,96,2,336,1.350072,0.7585
4,rlinear,raw,96,3,336,1.306814,0.7585
4,rlinear,raw,96,4,336,1.338443,0.7585
4,rlinear,revin,96,0,336,1.281307,0.7585
4,rlinear,revin,96,1,336,1.347793,0.7585
4,rlinear,revin,96,2,336,1.284478,0.7585
4,rlinear,revin,96,3,336,1.292289,0.7585
4,rlinear,revin,96,4,336,1.293462,0.7585
4,rlinear,condnorm,96,0,336,0.346854,0.7585
4,rlinear,condnorm,96,1,336,0.345644,0.7585
4,rlinear,condnorm,96,2,336,0.347229,0.7585
4,rlinear,condnorm,96,3,336,0.348809,0.7585
4,rlinear,condnorm,96,4,336,0.345927,0.7585
4,rlinear,raw,336,0,336,1.390565,0.7585
4,rlinear,raw,336,1,336,1.395759,0.7585
4,rlinear,raw,336,2,336,1.416681,0.7585
4,rlinear,raw,336,3,336,1.399346,0.7585
4,rlinear,raw,336,4,336,1.40437,0.7585
4,rlinear,revin,336,0,336,1.402318,0.7585
4,rlinear,revin,336,1,336,1.395591,0.7585
4,rlinear,revin,336,2,336,1.398973,0.7585
4,rlinear,revin,336,3,336,1.412154,0.7585
4,rlinear,revin,336,4,336,1.408123,0.7585
4,rlinear,condnorm,336,0,336,0.349951,0.7585
4,rlinear,condnorm,336,1,336,0.349515,0.7585
4,rlinear,condnorm,336,2,336,0.34917,0.7585
4,rlinear,condnorm,336,3,336,0.349838,0.7585
4,rlinear,condnorm,336,4,336,0.349352,0.7585
5,rlinear,raw,24,0,336,0.995025,0.7472
5,rlinear,raw,24,1,336,0.975863,0.7472
5,rlinear,raw,24,2,336,1.014309,0.7472
5,rlinear,raw,24,3,336,1.042617,0.7472
5,rlinear,raw,24,4,336,0.999511,0.7472
5,rlinear,revin,24,0,336,1.003792,0.7472
5,rlinear,revin,24,1,336,0.98779,0.7472
5,rlinear,revin,24,2,336,0.99555,0.7472
5,rlinear,revin,24,3,336,1.043747,0.7472
5,rlinear,revin,24,4,336,1.005622,0.7472
5,rlinear,condnorm,24,0,336,0.327623,0.7472
5,rlinear,condnorm,24,1,336,0.328287,0.7472
5,rlinear,condnorm,24,2,336,0.329278,0.7472
5,rlinear,condnorm,24,3,336,0.330222,0.7472
5,rlinear,condnorm,24,4,336,0.329556,0.7472
5,rlinear,raw,96,0,336,1.246131,0.7472
5,rlinear,raw,96,1,336,1.246965,0.7472
5,rlinear,raw,96,2,336,1.245678,0.7472
5,rlinear,raw,96,3,336,1.224267,0.7472
5,rlinear,raw,96,4,336,1.231722,0.7472
5,rlinear,revin,96,0,336,1.191062,0.7472
5,rlinear,revin,96,1,336,1.219098,0.7472
5,rlinear,revin,96,2,336,1.197966,0.7472
5,rlinear,revin,96,3,336,1.187532,0.7472
5,rlinear,revin,96,4,336,1.185767,0.7472
5,rlinear,condnorm,96,0,336,0.321323,0.7472
5,rlinear,condnorm,96,1,336,0.320436,0.7472
5,rlinear,condnorm,96,2,336,0.320667,0.7472
5,rlinear,condnorm,96,3,336,0.319484,0.7472
5,rlinear,condnorm,96,4,336,0.320515,0.7472
5,rlinear,raw,336,0,336,1.262763,0.7472
5,rlinear,raw,336,1,336,1.277398,0.7472
5,rlinear,raw,336,2,336,1.274973,0.7472
5,rlinear,raw,336,3,336,1.276178,0.7472
5,rlinear,raw,336,4,336,1.271549,0.7472
5,rlinear,revin,336,0,336,1.2599,0.7472
5,rlinear,revin,336,1,336,1.254223,0.7472
5,rlinear,revin,336,2,336,1.271352,0.7472
5,rlinear,revin,336,3,336,1.266098,0.7472
5,rlinear,revin,336,4,336,1.271958,0.7472
5,rlinear,condnorm,336,0,336,0.312234,0.7472
5,rlinear,condnorm,336,1,336,0.312434,0.7472
5,rlinear,condnorm,336,2,336,0.312604,0.7472
5,rlinear,condnorm,336,3,336,0.312503,0.7472
5,rlinear,condnorm,336,4,336,0.311976,0.7472
6,rlinear,raw,24,0,336,0.908951,0.7276
6,rlinear,raw,24,1,336,0.926542,0.7276
6,rlinear,raw,24,2,336,0.927345,0.7276
6,rlinear,raw,24,3,336,0.944927,0.7276
6,rlinear,raw,24,4,336,0.934954,0.7276
6,rlinear,revin,24,0,336,0.936085,0.7276
6,rlinear,revin,24,1,336,0.926086,0.7276
6,rlinear,revin,24,2,336,0.94401,0.7276
6,rlinear,revin,24,3,336,0.951936,0.7276
6,rlinear,revin,24,4,336,0.945063,0.7276
6,rlinear,condnorm,24,0,336,0.451854,0.7276
6,rlinear,condnorm,24,1,336,0.454594,0.7276
6,rlinear,condnorm,24,2,336,0.449414,0.7276
6,rlinear,condnorm,24,3,336,0.453921,0.7276
6,rlinear,condnorm,24,4,336,0.457738,0.7276
6,rlinear,raw,96,0,336,1.1326,0.7276
6,rlinear,raw,96,1,336,1.146951,0.7276
6,rlinear,raw,96,2,336,1.13059,0.7276
6,rlinear,raw,96,3,336,1.130578,0.7276
6,rlinear,raw,96,4,336,1.132468,0.7276
6,rlinear,revin,96,0,336,1.112823,0.7276
6,rlinear,revin,96,1,336,1.135752,0.7276
6,rlinear,revin,96,2,336,1.119911,0.7276
6,rlinear,revin,96,3,336,1.118824,0.7276
6,rlinear,revin,96,4,336,1.125079,0.7276
6,rlinear,condnorm,96,0,336,0.435687,0.7276
6,rlinear,condnorm,96,1,336,0.434083,0.7276
6,rlinear,condnorm,96,2,336,0.434738,0.7276
6,rlinear,condnorm,96,3,336,0.436972,0.7276
6,rlinear,condnorm,96,4,336,0.436351,0.7276
6,rlinear,raw,336,0,336,1.202843,0.7276
6,rlinear,raw,336,1,336,1.186358,0.7276
6,rlinear,raw,336,2,336,1.18726,0.7276
6,rlinear,raw,336,3,336,1.186778,0.7276
6,rlinear,raw,336,4,336,1.191037,0.7276
6,rlinear,revin,336,0,336,1.215222,0.7276
6,rlinear,revin,336,1,336,1.194456,0.7276
6,rlinear,revin,336,2,336,1.204139,0.7276
6,rlinear,revin,336,3,336,1.199275,0.7276
6,rlinear,revin,336,4,336,1.198893,0.7276
6,rlinear,condnorm,336,0,336,0.414982,0.7276
6,rlinear,condnorm,336,1,336,0.413677,0.7276
6,rlinear,condnorm,336,2,336,0.414732,0.7276
6,rlinear,condnorm,336,3,336,0.413681,0.7276
6,rlinear,condnorm,336,4,336,0.414047,0.7276
7,rlinear,raw,24,0,336,1.11838,0.7508
7,rlinear,raw,24,1,336,1.208041,0.7508
7,rlinear,raw,24,2,336,1.11788,0.7508
7,rlinear,raw,24,3,336,1.135213,0.7508
7,rlinear,raw,24,4,336,1.134365,0.7508
7,rlinear,revin,24,0,336,1.080001,0.7508
7,rlinear,revin,24,1,336,1.109101,0.7508
7,rlinear,revin,24,2,336,1.149354,0.7508
7,rlinear,revin,24,3,336,1.08218,0.7508
7,rlinear,revin,24,4,336,1.125642,0.7508
7,rlinear,condnorm,24,0,336,0.39533,0.7508
7,rlinear,condnorm,24,1,336,0.392384,0.7508
7,rlinear,condnorm,24,2,336,0.391462,0.7508
7,rlinear,condnorm,24,3,336,0.394514,0.7508
7,rlinear,condnorm,24,4,336,0.397079,0.7508
7,rlinear,raw,96,0,336,1.639911,0.7508
7,rlinear,raw,96,1,336,1.536854,0.7508
7,rlinear,raw,96,2,336,1.550507,0.7508
7,rlinear,raw,96,3,336,1.544102,0.7508
7,rlinear,raw,96,4,336,1.505717,0.7508
7,rlinear,revin,96,0,336,1.394714,0.7508
7,rlinear,revin,96,1,336,1.462827,0.7508
7,rlinear,revin,96,2,336,1.469318,0.7508
7,rlinear,revin,96,3,336,1.452946,0.7508
7,rlinear,revin,96,4,336,1.454424,0.7508
7,rlinear,condnorm,96,0,336,0.389399,0.7508
7,rlinear,condnorm,96,1,336,0.389551,0.7508
7,rlinear,condnorm,96,2,336,0.389866,0.7508
7,rlinear,condnorm,96,3,336,0.390048,0.7508
7,rlinear,condnorm,96,4,336,0.390632,0.7508
7,rlinear,raw,336,0,336,1.659204,0.7508
7,rlinear,raw,336,1,336,1.676417,0.7508
7,rlinear,raw,336,2,336,1.68214,0.7508
7,rlinear,raw,336,3,336,1.627776,0.7508
7,rlinear,raw,336,4,336,1.672935,0.7508
7,rlinear,revin,336,0,336,1.675361,0.7508
7,rlinear,revin,336,1,336,1.660973,0.7508
7,rlinear,revin,336,2,336,1.684742,0.7508
7,rlinear,revin,336,3,336,1.638669,0.7508
7,rlinear,revin,336,4,336,1.65625,0.7508
7,rlinear,condnorm,336,0,336,0.395885,0.7508
7,rlinear,condnorm,336,1,336,0.39623,0.7508
7,rlinear,condnorm,336,2,336,0.396317,0.7508
7,rlinear,condnorm,336,3,336,0.395396,0.7508
7,rlinear,condnorm,336,4,336,0.396244,0.7508
8,rlinear,raw,24,0,336,1.148979,0.6304
8,rlinear,raw,24,1,336,1.108605,0.6304
8,rlinear,raw,24,2,336,1.126138,0.6304
8,rlinear,raw,24,3,336,1.073831,0.6304
8,rlinear,raw,24,4,336,1.07686,0.6304
8,rlinear,revin,24,0,336,1.053391,0.6304
8,rlinear,revin,24,1,336,1.036897,0.6304
8,rlinear,revin,24,2,336,1.094569,0.6304
8,rlinear,revin,24,3,336,1.044224,0.6304
8,rlinear,revin,24,4,336,1.08424,0.6304
8,rlinear,condnorm,24,0,336,0.684174,0.6304
8,rlinear,condnorm,24,1,336,0.693549,0.6304
8,rlinear,condnorm,24,2,336,0.690525,0.6304
8,rlinear,condnorm,24,3,336,0.698806,0.6304
8,rlinear,condnorm,24,4,336,0.69209,0.6304
8,rlinear,raw,96,0,336,1.476921,0.6304
8,rlinear,raw,96,1,336,1.486006,0.6304
8,rlinear,raw,96,2,336,1.494841,0.6304
8,rlinear,raw,96,3,336,1.420168,0.6304
8,rlinear,raw,96,4,336,1.436007,0.6304
8,rlinear,revin,96,0,336,1.44089,0.6304
8,rlinear,revin,96,1,336,1.446013,0.6304
8,rlinear,revin,96,2,336,1.433335,0.6304
8,rlinear,revin,96,3,336,1.440259,0.6304
8,rlinear,revin,96,4,336,1.437437,0.6304
8,rlinear,condnorm,96,0,336,0.681037,0.6304
8,rlinear,condnorm,96,1,336,0.680318,0.6304
8,rlinear,condnorm,96,2,336,0.682883,0.6304
8,rlinear,condnorm,96,3,336,0.681748,0.6304
8,rlinear,condnorm,96,4,336,0.681094,0.6304
8,rlinear,raw,336,0,336,1.586621,0.6304
8,rlinear,raw,336,1,336,1.579734,0.6304
8,rlinear,raw,336,2,336,1.605583,0.6304
8,rlinear,raw,336,3,336,1.575186,0.6304
8,rlinear,raw,336,4,336,1.58886,0.6304
8,rlinear,revin,336,0,336,1.644564,0.6304
8,rlinear,revin,336,1,336,1.639115,0.6304
8,rlinear,revin,336,2,336,1.645446,0.6304
8,rlinear,revin,336,3,336,1.605905,0.6304
8,rlinear,revin,336,4,336,1.608899,0.6304
8,rlinear,condnorm,336,0,336,0.711977,0.6304
8,rlinear,condnorm,336,1,336,0.712172,0.6304
8,rlinear,condnorm,336,2,336,0.709996,0.6304
8,rlinear,condnorm,336,3,336,0.711094,0.6304
8,rlinear,condnorm,336,4,336,0.709662,0.6304
9,rlinear,raw,24,0,336,0.905676,0.6312
9,rlinear,raw,24,1,336,0.918036,0.6312
9,rlinear,raw,24,2,336,0.995268,0.6312
9,rlinear,raw,24,3,336,0.886691,0.6312
9,rlinear,raw,24,4,336,0.947402,0.6312
9,rlinear,revin,24,0,336,0.896046,0.6312
9,rlinear,revin,24,1,336,0.896483,0.6312
9,rlinear,revin,24,2,336,0.881962,0.6312
9,rlinear,revin,24,3,336,0.881798,0.6312
9,rlinear,revin,24,4,336,0.906828,0.6312
9,rlinear,condnorm,24,0,336,0.389922,0.6312
9,rlinear,condnorm,24,1,336,0.392047,0.6312
9,rlinear,condnorm,24,2,336,0.386488,0.6312
9,rlinear,condnorm,24,3,336,0.389073,0.6312
9,rlinear,condnorm,24,4,336,0.389753,0.6312
9,rlinear,raw,96,0,336,1.203954,0.6312
9,rlinear,raw,96,1,336,1.1798,0.6312
9,rlinear,raw,96,2,336,1.174103,0.6312
9,rlinear,raw,96,3,336,1.20936,0.6312
9,rlinear,raw,96,4,336,1.181437,0.6312
9,rlinear,revin,96,0,336,1.140372,0.6312
9,rlinear,revin,96,1,336,1.12845,0.6312
9,rlinear,revin,96,2,336,1.127184,0.6312
9,rlinear,revin,96,3,336,1.124647,0.6312
9,rlinear,revin,96,4,336,1.123034,0.6312
9,rlinear,condnorm,96,0,336,0.394081,0.6312
9,rlinear,condnorm,96,1,336,0.394178,0.6312
9,rlinear,condnorm,96,2,336,0.394326,0.6312
9,rlinear,condnorm,96,3,336,0.393951,0.6312
9,rlinear,condnorm,96,4,336,0.394617,0.6312
9,rlinear,raw,336,0,336,1.218325,0.6312
9,rlinear,raw,336,1,336,1.231809,0.6312
9,rlinear,raw,336,2,336,1.243368,0.6312
9,rlinear,raw,336,3,336,1.234387,0.6312
9,rlinear,raw,336,4,336,1.225034,0.6312
9,rlinear,revin,336,0,336,1.221576,0.6312
9,rlinear,revin,336,1,336,1.221908,0.6312
9,rlinear,revin,336,2,336,1.244909,0.6312
9,rlinear,revin,336,3,336,1.236335,0.6312
9,rlinear,revin,336,4,336,1.229222,0.6312
9,rlinear,condnorm,336,0,336,0.396526,0.6312
9,rlinear,condnorm,336,1,336,0.396511,0.6312
9,rlinear,condnorm,336,2,336,0.397055,0.6312
9,rlinear,condnorm,336,3,336,0.396044,0.6312
9,rlinear,condnorm,336,4,336,0.396717,0.6312
