lam,seed,L,h,th_raw,th_revin,th_cn_oracle,th_cn_est
0.0,0,96,24,0.2680044333451293,0.2685883252594737,0.24173847205059176,0.28617866463487074
0.0,0,96,96,0.2968705633734202,0.2992657283146291,0.24177534393475103,0.31503294124756237
0.0,0,96,336,0.35679308787188224,0.3704207005835217,0.2451710873996,0.3724897350351394
0.5,0,96,24,0.6925123990397832,0.725449581239804,0.08371666690307877,0.09319364898506692
0.5,0,96,96,0.7880416683011594,0.852215042559759,0.08484320538886034,0.09532203887454599
0.5,0,96,336,0.8007712263411999,0.8731772022337676,0.08446688289222706,0.10047498026566015
1.0,0,96,24,0.7389771639669811,0.8186275315371202,0.056458016381988926,0.05844750733123431
1.0,0,96,96,0.8286724436411409,0.9599648512205329,0.057151918595162034,0.05913623672035927
1.0,0,96,336,0.8428403034082018,0.9732091736237732,0.057645367945644725,0.059866392720433065
0.0,0,336,24,0.26621710692568595,0.26654681152863724,0.2393799895951297,0.2843895710805389
0.0,0,336,96,0.30074795347192107,0.3023263858950619,0.24194500686269246,0.31847170741502834
0.0,0,336,336,0.3663839624505556,0.37827704168525506,0.2416174240288564,0.38084803446881094
0.0,1,96,24,0.635017965115611,0.6083647337983813,0.5804603597462816,0.6471431450811951
0.0,1,96,96,0.6556578665051035,0.6194896406268663,0.5848518282337988,0.6669884164779296
0.0,1,96,336,0.7485052928007667,0.6486895714006314,0.5860454196150768,0.7528669798605542
0.0,1,336,24,0.6039971513177806,0.5981717179052807,0.5742534896353846,0.6157976213375111
0.0,1,336,96,0.6203723245397441,0.6117224926682101,0.5799848894179047,0.6306531477430348
0.0,1,336,336,0.6941393823454987,0.6478960764427169,0.5878008831533614,0.7013507722689857
0.0,2,96,24,0.3098125559325456,0.30955103364063447,0.28493286695917125,0.33322131982135894
0.0,2,96,96,0.33345381420783926,0.33235270916333987,0.29088201134580655,0.3577490997101768
0.0,2,96,336,0.3883041984427886,0.3869049150820533,0.29582139806662383,0.4136567798108278
0.0,2,336,24,0.30737137601071896,0.30708702426879714,0.2828731810360625,0.33165781645436354
0.0,2,336,96,0.3282395162880411,0.32721867080365463,0.2877740463167853,0.3542704583242832
0.0,2,336,336,0.3861689077517058,0.3829526435003035,0.29430446564501106,0.41195459735875806
0.0,3,96,24,0.3092759225985429,0.3064670694851259,0.2737056938408618,0.3284510784175576
0.0,3,96,96,0.34179446750779385,0.3305150849962029,0.27663462519649373,0.3598609728736263
0.0,3,96,336,0.44578988205529835,0.38247163920821475,0.2806426752504497,0.4658820558587725
0.0,3,336,24,0.31069749424937454,0.3066907668876547,0.27383475548445024,0.33058115302738883
0.0,3,336,96,0.34642746526341106,0.33160915006159564,0.27789285699842997,0.3651927935517182
0.0,3,336,336,0.4518771831052709,0.3843905286809473,0.27991173704408,0.4726091945441432
0.0,4,96,24,0.4758532567315735,0.4683362421673847,0.44201279168033775,0.4923365486990334
0.0,4,96,96,0.515882577942347,0.49138900345228254,0.44747847066006974,0.5344347765673566
0.0,4,96,336,0.6510132739417525,0.5114639289310243,0.4461723449322878,0.6705426278706287
0.0,4,336,24,0.464767954915274,0.4613860465405442,0.43668343295318746,0.4808311378196557
0.0,4,336,96,0.49443722577828014,0.48106618331248635,0.44015512092237347,0.50900201804095
0.0,4,336,336,0.620204841519809,0.4960882648397551,0.4386127346741653,0.6307302643364457
0.0,5,96,24,0.4309117020492782,0.42291257137049615,0.3909396034546541,0.44635383946230545
0.0,5,96,96,0.47168705488224555,0.4531934075682907,0.3935975311113388,0.4881534122255949
0.0,5,96,336,0.6114480312861927,0.5337011805233951,0.3911620452666393,0.6302972493596148
0.0,5,336,24,0.4204099837103798,0.41325989677832,0.382411022641883,0.43627505076587036
0.0,5,336,96,0.46829993147048254,0.4459756424420967,0.38688154486428333,0.4852468077312314
0.0,5,336,336,0.6622805850546172,0.5298416398271156,0.384554342534693,0.6821194822590174
0.0,6,96,24,0.20937485863324604,0.20938711542238247,0.19734235372715678,0.22941179983946933
0.0,6,96,96,0.21508928215061554,0.21509678086567174,0.19840732937356406,0.23507262633332307
0.0,6,96,336,0.23128486380520336,0.23112178210014525,0.20007549292554902,0.2520627185409184
0.0,6,336,24,0.20592431115822854,0.20589230500296396,0.1938272709349528,0.22680522956289625
0.0,6,336,96,0.21210878438442926,0.21205039783723476,0.19579398123353248,0.233076993957191
0.0,6,336,336,0.22994853323447126,0.22960650498966662,0.19855142219866304,0.25121130014994
0.0,7,96,24,0.6206986745913498,0.5735093613296873,0.53912273424775,0.635476285309263
0.0,7,96,96,0.6859577472890619,0.6026846105821608,0.5504819711280018,0.7040182892019815
0.0,7,96,336,1.0035972388362997,0.6637256484793205,0.558176783222466,1.0220449368433278
0.0,7,336,24,0.599312554473028,0.567340006755308,0.5370237796898915,0.6132084857496901
0.0,7,336,96,0.6588096984091258,0.5926150229886834,0.5458734697631775,0.6748399645067753
0.0,7,336,336,0.8925071349914852,0.6415632048636105,0.5497950584256371,0.9043924785020516
0.0,8,96,24,0.2919382174675348,0.29266525891889633,0.2645353405236159,0.3122927326615709
0.0,8,96,96,0.3258352550391497,0.3278094750230888,0.2701118323821486,0.34541306343652417
0.0,8,96,336,0.3798953435104771,0.38672603802956995,0.2718265407011355,0.39696658247139804
0.0,8,336,24,0.29050220859447906,0.2908964835522235,0.26352808952672246,0.3119997603841197
0.0,8,336,96,0.3218927857779459,0.32311171149087126,0.26724578961799894,0.3424857384464542
0.0,8,336,336,0.3754412313840466,0.3818951555673018,0.2665125634543776,0.3941363993537182
0.0,9,96,24,0.40638081413225174,0.4034537967575374,0.3896606144610227,0.4210916784177112
0.0,9,96,96,0.40785197665310763,0.4052126417986683,0.3907067032803828,0.42169173643084923
0.0,9,96,336,0.4185073058946386,0.41230141488948396,0.3938928976042311,0.4312721846464358
0.0,9,336,24,0.3932719767993461,0.39282734444750267,0.3857039355256482,0.40572474870659975
0.0,9,336,96,0.3977441100841726,0.3972095465454633,0.3886535748977673,0.40971573835869546
0.0,9,336,336,0.4079392236984811,0.4051371458693188,0.39246753748437235,0.4202368755905731
0.1,0,96,24,0.5865753580228572,0.5899301288767334,0.2114199583919525,0.23278891270360832
0.1,0,96,96,0.6646666192019878,0.6707491833161291,0.2148924602713816,0.23757275951311707
0.1,0,96,336,0.7129949359598348,0.7271485779169976,0.2165908054620916,0.24919216590855414
0.1,0,336,24,0.5717166553879562,0.5743593228196321,0.207888314190751,0.2288424932208496
0.1,0,336,96,0.6306102976090023,0.6355389914452477,0.2096510124437842,0.23340876371081215
0.1,0,336,336,0.6676132438858455,0.6771787716062305,0.2105757921383541,0.24340509607209815
0.1,1,96,24,0.5195506687551991,0.5252713362745414,0.17659021864034496,0.20654055542085634
0.1,1,96,96,0.5596776627571073,0.5682143127140507,0.17761121457661866,0.21193513592261476
0.1,1,96,336,0.6129955589449367,0.6349505240229358,0.17882966697690392,0.2300420267414548
0.1,1,336,24,0.507280161859331,0.5085589783441908,0.17514189950271652,0.20442907094828633
0.1,1,336,96,0.5638322651246995,0.5674496069893978,0.1773879113874233,0.21083265446702676
0.1,1,336,336,0.5936928706803867,0.6033733549035964,0.17701656581153227,0.22685947499886977
0.1,2,96,24,0.5236318044719909,0.5292070995822633,0.18423843093088307,0.21792142390653418
0.1,2,96,96,0.5724487610466903,0.5832414596290856,0.18531239613680087,0.23293420990396072
0.1,2,96,336,0.5909459489049476,0.6179057582993134,0.18470637372003648,0.25465360827815786
0.1,2,336,24,0.5047952638788197,0.5065271588950858,0.18009650223023388,0.21285852608487815
0.1,2,336,96,0.5553814396756893,0.5600029706437023,0.18097835392572212,0.22834089991980278
0.1,2,336,336,0.5796589282398933,0.5963275180463985,0.18225282474890034,0.2541409451497348
0.1,3,96,24,1.504789280889334,0.8168094504903947,0.29706496912844665,0.44981261932129973
0.1,3,96,96,2.342076673646093,0.8930935284238566,0.3004484829673287,0.5783683597307173
0.1,3,96,336,3.5537725077281155,0.9439830976018583,0.3003019814586984,1.146351716852899
0.1,3,336,24,1.3152742830702309,0.7746033780936935,0.2918242954214144,0.39508221677070976
0.1,3,336,96,1.9848134908484092,0.8435746304900232,0.2944898302865883,0.5099163942290224
0.1,3,336,336,2.3521794829631695,0.9154089367436029,0.2942368308994194,1.0002462610749514
0.1,4,96,24,0.42400244340945636,0.428198490562682,0.158783311304066,0.19225721821864103
0.1,4,96,96,0.46102362119496904,0.4678960575590645,0.1595563811021559,0.21153518364213333
0.1,4,96,336,0.5057924369266535,0.5246261866981007,0.16106941277885042,0.2524823361907238
0.1,4,336,24,0.40551699192973373,0.4070352260728052,0.15539891939159683,0.18977971411865444
0.1,4,336,96,0.44817116676291935,0.4516830138876211,0.15739726602725992,0.21086892967432302
0.1,4,336,336,0.4968467526954392,0.5056331559329323,0.16045386061991387,0.25330988912124375
0.1,5,96,24,0.6160074849463646,0.574654623544023,0.24439496344130848,0.2720766149138586
0.1,5,96,96,0.7286987158125572,0.65991228946536,0.24863530457312985,0.2903328690080635
0.1,5,96,336,0.7783123160480018,0.6949981041859087,0.25033368695512137,0.3483107726230119
0.1,5,336,24,0.5618446360694023,0.5524790033361496,0.24160297485164187,0.2686427224748715
0.1,5,336,96,0.6354805744212505,0.6172291222051234,0.24621473132142435,0.2871749595611761
0.1,5,336,336,0.6820366807977725,0.6457004299136497,0.24655289186858914,0.3407130791214193
0.1,6,96,24,1.2406299238289475,0.7849119488693277,0.317142910701091,0.38551764440364933
0.1,6,96,96,1.6728719140717847,0.8838067107560332,0.31945775621677175,0.44323120804808397
0.1,6,96,336,2.1363746029764483,0.9044468244634881,0.314812227960198,0.7624068233798995
0.1,6,336,24,0.9800852369106101,0.7473560422922401,0.310109616615957,0.3749701789573009
0.1,6,336,96,1.2765667378597765,0.8214474502674628,0.3114995750098357,0.43777144634512033
0.1,6,336,336,1.759192710851394,0.8547149799388104,0.30922911275854004,0.7439473697511949
0.1,7,96,24,0.7807784429248544,0.7393731736788343,0.2504305229654936,0.28496044597045056
0.1,7,96,96,0.9434002274783855,0.8729738276697038,0.25191210056471625,0.30080687364187547
0.1,7,96,336,1.068725314259711,0.8963753646278566,0.25389166351040904,0.3614013886144679
0.1,7,336,24,0.7148982517078412,0.7080540832636955,0.24758863780649784,0.2797830123416935
0.1,7,336,96,0.829807386327616,0.814961599491912,0.2506852525867144,0.2970435120079569
0.1,7,336,336,0.9075417264637728,0.842673839463633,0.24962689104464733,0.3548722021448658
0.1,8,96,24,0.4044241374890073,0.40886917121929,0.14494333562716663,0.16766455243182007
0.1,8,96,96,0.45839865484376374,0.4674354711427066,0.14568635702341223,0.17525572968179678
0.1,8,96,336,0.48440175494320753,0.5005023775752636,0.145673271101794,0.18642314370288438
0.1,8,336,24,0.3979939847925167,0.399332498873756,0.1424569478719541,0.1652219873680247
0.1,8,336,96,0.44684907898631054,0.4498586902329926,0.14393097154027074,0.17276085113323109
0.1,8,336,336,0.4676193049954562,0.4750092298195604,0.14494003947103168,0.18557573837784824
0.1,9,96,24,0.5832805648172513,0.5634891701845886,0.2033128573585648,0.22360157271552183
0.1,9,96,96,0.6463294071928619,0.6107368176555671,0.2035045589452682,0.22875090361500056
0.1,9,96,336,0.7171370094974617,0.6536413765135483,0.2037751975775411,0.25591627594531313
0.1,9,336,24,0.5526229737756544,0.5467150755198434,0.19920587408801355,0.2193194279176851
0.1,9,336,96,0.6039029546643868,0.5894399990955523,0.20029167211604415,0.22572028358967358
0.1,9,336,336,0.6532494897713916,0.6110654454224422,0.20254149756523213,0.25403814271641223
0.2,0,96,24,1.0749994236454992,0.8014373960576027,0.19602707379539497,0.2182961638871494
0.2,0,96,96,1.3131438271831781,0.8772057086317185,0.19979623511702405,0.23380046981495622
0.2,0,96,336,1.6558841854209698,0.9334191726437691,0.199674616240365,0.2927140131791413
0.2,0,336,24,0.8733482246638877,0.7545822112181417,0.19520444127844516,0.2127113604199341
0.2,0,336,96,1.0516752412432144,0.8391002255161045,0.19612619985840216,0.22288096235584387
0.2,0,336,336,1.2840314130612884,0.8918216105828968,0.1962491464152264,0.2841689030318015
0.2,1,96,24,0.5227510805214995,0.532828293469031,0.11751504268969568,0.13186386705221312
0.2,1,96,96,0.5979422326467626,0.6144987051996645,0.11922796479813434,0.1332855415060821
0.2,1,96,336,0.6145347327278203,0.6403093321417329,0.11930361556795104,0.13513782351873002
0.2,1,336,24,0.4993017748264731,0.5019019182853932,0.11743957023875806,0.13111890944588245
0.2,1,336,96,0.5659163741417399,0.5707742321330074,0.11826323572697035,0.13134511132546484
0.2,1,336,336,0.5919881425307911,0.6057249414764261,0.11735465599881056,0.1326600063279004
0.2,2,96,24,1.2253499150451843,0.842399077244828,0.19958355588175758,0.22983786434043454
0.2,2,96,96,1.4704911447980453,0.9766572223915747,0.20255094150915637,0.24164578161306105
0.2,2,96,336,1.6131405510577987,0.9937510431497064,0.20247603474798095,0.2830822078081614
0.2,2,336,24,0.8903510363963376,0.7966093604723281,0.1974880090109782,0.2167614350435438
0.2,2,336,96,1.0463838022748801,0.8947657639686373,0.1994828116058325,0.2261116673924158
0.2,2,336,336,1.234671926474792,0.9465574903913204,0.20085409920601532,0.2675565257942947
0.2,3,96,24,0.6866143572975075,0.7099186892657987,0.1510286725261947,0.16586281364155372
0.2,3,96,96,0.7701580640774387,0.8015533618518941,0.15383800105850592,0.180052069760716
0.2,3,96,336,0.7913690004021097,0.8286687246008303,0.15397700550335083,0.2148114533378911
0.2,3,336,24,0.6670388957351394,0.6704855849391781,0.15041230292272903,0.1657997476640912
0.2,3,336,96,0.754778821299586,0.7598272196639685,0.15344015174633646,0.18061940870234452
0.2,3,336,336,0.7841408141429237,0.7934414944124332,0.15396850791887814,0.21512815339803795
0.2,4,96,24,0.8071894026494557,0.7683715249664178,0.17301628322694854,0.19451897824814082
0.2,4,96,96,0.9861469466429502,0.934506804733817,0.17560898034850575,0.20558483730265784
0.2,4,96,336,1.048490147485578,0.9824010644896048,0.17711704932464545,0.22666128624182993
0.2,4,336,24,0.7512308806386324,0.7375663526436187,0.17228929374073687,0.19345486466433942
0.2,4,336,96,0.8935914372134262,0.868622076464672,0.1747312809245251,0.20313190519329316
0.2,4,336,336,0.9500266164043797,0.8979311465014034,0.1764534298252843,0.22372205978416734
0.2,5,96,24,0.6907456139962574,0.6604033063687469,0.16014257207008906,0.1787578391220276
0.2,5,96,96,0.8201262096449611,0.7769819583068391,0.16106580286715294,0.18976516447885655
0.2,5,96,336,0.9054855254661534,0.847488312231913,0.16021675109581773,0.22506328011909055
0.2,5,336,24,0.6426658926191224,0.6303731813873611,0.15716745758793196,0.1756576143381237
0.2,5,336,96,0.7568121376073517,0.734890350013247,0.15806046869503138,0.18663328458734962
0.2,5,336,336,0.8376381858527215,0.7863840616293004,0.15820067134045993,0.22919395913201032
0.2,6,96,24,0.5825310861697597,0.5969394331563964,0.14271250924977905,0.16526335943572182
0.2,6,96,96,0.6511122586608434,0.674787139357884,0.14343221733607467,0.17298706345558762
0.2,6,96,336,0.6898744542213913,0.7291577090400292,0.1455077680324365,0.19526207479458685
0.2,6,336,24,0.5744087286837609,0.5776994502588367,0.14144628968930073,0.16437655097384782
0.2,6,336,96,0.6392095993568002,0.6443152843673434,0.14297772511110143,0.17368530987297054
0.2,6,336,336,0.6729494175287992,0.6857656449156356,0.14468622572586826,0.19687092288987398
0.2,7,96,24,0.8819979405944246,0.787683543949126,0.20163155687042605,0.23007076969921939
0.2,7,96,96,1.094623200938277,0.9232388010780007,0.2052266188676983,0.24507488203619116
0.2,7,96,336,1.2657665456982128,0.9406184572728687,0.20762722881492254,0.28353521665929526
0.2,7,336,24,0.7827796980018098,0.7468316769426889,0.20101978126598993,0.22849085486804588
0.2,7,336,96,0.9049074036978487,0.8290130312516306,0.20201704087358577,0.23731808709221186
0.2,7,336,336,1.0032908556547289,0.8648714235140739,0.20347267289173504,0.2646777659382589
0.2,8,96,24,0.5772654279343055,0.5895372652917127,0.13821509628424278,0.1601742201169075
0.2,8,96,96,0.6466337594605643,0.6677309936458702,0.14032366099941743,0.1642608430227425
0.2,8,96,336,0.6920423176903207,0.7268693161162663,0.14223241395322986,0.18489643815670978
0.2,8,336,24,0.574665163718361,0.5784985918897744,0.13700186188412158,0.1593538869021827
0.2,8,336,96,0.6421649793274297,0.650411714250788,0.13855189804126244,0.1645173874775956
0.2,8,336,336,0.682895560354704,0.7007144014480282,0.139606321719084,0.18464916024552455
0.2,9,96,24,0.9307836713542151,0.8293414855763177,0.20560256806656757,0.22778354118798969
0.2,9,96,96,1.1804205015240221,1.023231382561255,0.20797478434607275,0.23663362872951837
0.2,9,96,336,1.2923832200653758,1.0829331844298256,0.2056957647163902,0.24571352352751485
0.2,9,336,24,0.8407942633261518,0.791236729075936,0.20241627163465922,0.22224115018697352
0.2,9,336,96,1.0134299742491415,0.9239972686748718,0.20308697106320026,0.22799871689041482
0.2,9,336,336,1.0514857923290282,0.9505978661199793,0.2022867270090236,0.24200388848626728
0.3,0,96,24,0.7111611351811526,0.7280558875316331,0.12019195847347271,0.13337838731838045
0.3,0,96,96,0.7840937832415695,0.8062002924986738,0.12244446473427736,0.13984253237969008
0.3,0,96,336,0.8443798284260484,0.8921922155569227,0.12339084497613814,0.1546266590406007
0.3,0,336,24,0.6998515392893243,0.7055592956293726,0.11835416250786299,0.13198485493841014
0.3,0,336,96,0.7835328569230736,0.7943277889351836,0.1202488174567235,0.13809936876651796
0.3,0,336,336,0.8531935040487276,0.8702814022404408,0.1214240097077449,0.1558147339126193
0.3,1,96,24,0.668140508029946,0.6658268018925679,0.1082694429569511,0.12398973994935593
0.3,1,96,96,0.7565396574043868,0.7523733806860917,0.10947933578350487,0.1313713942761522
0.3,1,96,336,0.786191743866387,0.7713422095993973,0.10937714321315539,0.1544351936157571
0.3,1,336,24,0.6276573509913083,0.6195560721186748,0.10505309430135838,0.12047552636923965
0.3,1,336,96,0.7017627959475466,0.6852560520606433,0.10639073589931759,0.12787108781236833
0.3,1,336,336,0.7630591563758837,0.7325752548375877,0.10907661680441784,0.15345175068999856
0.3,2,96,24,0.6624179805193946,0.6955781253124781,0.1191289281124972,0.1468524437846065
0.3,2,96,96,0.7912141299451719,0.8550314583648188,0.12036034791634374,0.16146992912084818
0.3,2,96,336,0.8071005360546457,0.8902534678947401,0.12180127076208024,0.18997413729486726
0.3,2,336,24,0.6481482595304228,0.6556639430247668,0.11881790679269201,0.14640814682793565
0.3,2,336,96,0.7695399350822276,0.786985733419251,0.12053536914210135,0.16082401675309338
0.3,2,336,336,0.8104244951819786,0.837114376922563,0.12206716767097406,0.1909189861175789
0.3,3,96,24,1.0556635945955553,0.942367045329302,0.15868274039645797,0.18329143405957085
0.3,3,96,96,1.3457451351813168,1.167928415659594,0.16094003224687084,0.20053405525694692
0.3,3,96,336,1.5004258123476395,1.3862631830892542,0.16268100906277208,0.25039845732091426
0.3,3,336,24,1.0064352574827609,0.9457117945886948,0.15944440916551605,0.18216021156522272
0.3,3,336,96,1.2598897849506852,1.1543144167344843,0.1608634609983167,0.19811101406370435
0.3,3,336,336,1.3609368611754682,1.3097249026532396,0.1618901931579488,0.24456903940832694
0.3,4,96,24,0.7826171427025497,0.7953844202567689,0.12518462247318685,0.14718721291209522
0.3,4,96,96,0.9388453038947577,0.9505777813624036,0.12602182699539546,0.1659213323270854
0.3,4,96,336,1.009236364663687,1.0161472084444454,0.12696435625100547,0.21247332580331296
0.3,4,336,24,0.7483297205884362,0.7473270354236728,0.12444484353689354,0.14794030311814907
0.3,4,336,96,0.8948022247619818,0.8971603791137749,0.12573297934249109,0.16767486482121924
0.3,4,336,336,0.9767371600872662,0.9945078465722567,0.12690111014224414,0.21527214374021675
0.3,5,96,24,1.0990640809089498,0.9637428561656086,0.15232300884059685,0.16891280583566434
0.3,5,96,96,1.3066347738550836,1.1601768700646533,0.15502645844341248,0.17561079531046525
0.3,5,96,336,1.4775255757201358,1.2884814004474268,0.1563648494545683,0.18529024170165193
0.3,5,336,24,0.9953899588552727,0.9504587860180708,0.15031560069515848,0.16469892861641314
0.3,5,336,96,1.1836988139569664,1.1245535406100309,0.15222562405144063,0.1708670528293477
0.3,5,336,336,1.3114014411248196,1.1688236612242076,0.15308578524348432,0.17969589197903918
0.3,6,96,24,0.7961341687739333,0.8302639617542649,0.12486688866941234,0.13816408615025555
0.3,6,96,96,0.8966291566801489,0.9487100104297889,0.1268270841953507,0.1420538280262524
0.3,6,96,336,0.9173868230942789,0.9886767732173397,0.1266505746860358,0.1480455426061734
0.3,6,336,24,0.7866839162738932,0.7934605862958792,0.12361020927939768,0.13649408481140266
0.3,6,336,96,0.8847859299033681,0.8965729688927411,0.1255024109172368,0.1400751084758553
0.3,6,336,336,0.9058754565360303,0.9269365580853638,0.12513081633223372,0.1459974752480769
0.3,7,96,24,1.1162249467831404,0.8731765392242082,0.14687399706305682,0.1670741642992086
0.3,7,96,96,1.438716307747082,0.9850591697583378,0.1488580160755031,0.1819142701574351
0.3,7,96,336,1.7342432565256267,0.9947382531057242,0.14901181155074217,0.24015632064419407
0.3,7,336,24,0.9710925585389549,0.8137253797073061,0.14518361541563898,0.16131378116239245
0.3,7,336,96,1.182640894967703,0.911493588812304,0.14708493456008745,0.17793611040500845
0.3,7,336,336,1.429811250380667,0.9468069857063057,0.14802584064372729,0.25579789088122296
0.3,8,96,24,1.0932283886628762,0.8174295326444764,0.15598066657494353,0.18005335665513958
0.3,8,96,96,1.4086268258515628,0.9394284157412122,0.15708498258870024,0.1900874297510811
0.3,8,96,336,1.5002703754206723,1.0300512166103237,0.16070617297629383,0.2304151472587635
0.3,8,336,24,0.8804718801101992,0.7964980873032005,0.1556625909793013,0.17301090997172547
0.3,8,336,96,1.0572815730320084,0.9100974750979193,0.15746943741591435,0.18161983153895372
0.3,8,336,336,1.1972815393245213,0.9702529426116236,0.15818825356678753,0.20680535399171981
0.3,9,96,24,0.7457110259262784,0.7187133492427029,0.1435058908603811,0.15500958219697356
0.3,9,96,96,0.8756033704081615,0.8393379415880243,0.14515504832494486,0.15863266263193607
0.3,9,96,336,0.9599781377239361,0.9635593846706506,0.14460059298134087,0.16261066987357276
0.3,9,336,24,0.7126722001619756,0.7153830452456307,0.1417721328695056,0.1522232557285407
0.3,9,336,96,0.8071998451834457,0.8186888597080916,0.14309739884721043,0.15677066124126132
0.3,9,336,336,0.8590396682153366,0.8840985260343693,0.14186469685824896,0.16689710155357534
0.4,0,96,24,0.7398951402038798,0.7521033971768402,0.10284527230151484,0.1123423006353719
0.4,0,96,96,0.8418494460390814,0.8592474602870517,0.10375726228416171,0.11607152861919043
0.4,0,96,336,0.8519048066978838,0.8634624914518441,0.10364347124906131,0.11946133069978851
0.4,0,336,24,0.6879696416374964,0.6876587813511269,0.10042079917204702,0.1093764762905713
0.4,0,336,96,0.7754678296006833,0.7767113446573118,0.10183259726677425,0.1130717179950606
0.4,0,336,336,0.8270893577757367,0.8281546578975154,0.10261555387700726,0.11756181712989565
0.4,1,96,24,0.6490444296970364,0.6716374731369629,0.09447844648354053,0.10568621893423034
0.4,1,96,96,0.7724781533519632,0.8208008930286157,0.09506172538708789,0.10905392809313186
0.4,1,96,336,0.8549024031637449,0.9384433477033455,0.09573727987717168,0.12109555297387416
0.4,1,336,24,0.6815787828523787,0.6881653273200193,0.093033281187134,0.10440617364547447
0.4,1,336,96,0.7966769518835253,0.8101513002549275,0.09483993189431782,0.10870065798239954
0.4,1,336,336,0.840587720883602,0.8569135123592095,0.09531323903406554,0.12024131003618646
0.4,2,96,24,0.6925960841879125,0.7169552531659564,0.09043053314391271,0.10096081917409759
0.4,2,96,96,0.7886593403869614,0.8358891501619435,0.09107816654701373,0.1057535684149588
0.4,2,96,336,0.7982160278442882,0.8649055144088844,0.09233466412648061,0.12066990575787916
0.4,2,336,24,0.6657987942967258,0.6700050627875209,0.08980603849917873,0.09998091013998602
0.4,2,336,96,0.7536727546844273,0.762965364251387,0.09076715704548714,0.10539962301820203
0.4,2,336,336,0.7736753016369271,0.789717151551376,0.09172251206070596,0.12016565207695373
0.4,3,96,24,0.6755669037606566,0.6954261243205146,0.10647557589547237,0.11862264245132363
0.4,3,96,96,0.7633278969452988,0.7977001940533153,0.10682425833217019,0.12385647440302629
0.4,3,96,336,0.8004406811829338,0.8496171948952366,0.10765609466657064,0.1360540088660093
0.4,3,336,24,0.6658652094823082,0.6711550817143065,0.10592727868317399,0.11786572979372564
0.4,3,336,96,0.7500110197486318,0.7600371779788886,0.1073676907708234,0.12343049411479559
0.4,3,336,336,0.7819066538895587,0.7975618947762427,0.10747932579860792,0.13504169329573046
0.4,4,96,24,0.789206036916552,0.7991603655382209,0.10463590219939589,0.1142683776387749
0.4,4,96,96,0.9298163112526794,0.9281366493010335,0.10658570103515759,0.1188877647545047
0.4,4,96,336,0.992262050779613,0.9846125463005385,0.10662179096325695,0.12615568375340042
0.4,4,336,24,0.7700986865154972,0.7711052842646738,0.10434852635443023,0.1138190457374067
0.4,4,336,96,0.8884095719995604,0.8872149300217631,0.10530974719045223,0.11708678317980259
0.4,4,336,336,0.921972410061518,0.9170951407370732,0.1045931258368488,0.12384943721843242
0.4,5,96,24,1.0715642212891048,0.9593947122486263,0.12615004674290556,0.13833154745230272
0.4,5,96,96,1.3350121439059346,1.1100801315673252,0.12887954172478425,0.14174575677632575
0.4,5,96,336,1.356069410848258,1.1501387968329289,0.13343432000571212,0.1475852102767201
0.4,5,336,24,0.9281782933313856,0.8937443844966183,0.12756738091064546,0.13749669769813871
0.4,5,336,96,1.0935969168119293,1.043569200156556,0.12992907628227854,0.1410542793857575
0.4,5,336,336,1.1412976949691171,1.1099817798325289,0.13270122063755688,0.14734326134649622
0.4,6,96,24,0.9381703410638252,0.8533379904594898,0.11329479280978391,0.12628868579758487
0.4,6,96,96,1.1480415856226123,0.969403051048276,0.11287900354503269,0.12626438960058003
0.4,6,96,336,1.1333160592495528,1.0190381642940511,0.11202494900659929,0.1304701069078433
0.4,6,336,24,0.8258659839203998,0.8056433805571458,0.11064665568923487,0.12238193550711919
0.4,6,336,96,0.9450287945724422,0.922241641377336,0.11096749155518457,0.12388755297293594
0.4,6,336,336,0.9525657034054363,0.9420774769991588,0.11108272328189261,0.1286313934730007
0.4,7,96,24,0.7938319855553772,0.8138379703669908,0.09521454819459799,0.1045959491581158
0.4,7,96,96,0.8896349713864017,0.9229588129060571,0.09759744935476883,0.10757831228901941
0.4,7,96,336,0.970117358791579,1.0485306740906462,0.09820422223040817,0.11060581644285533
0.4,7,336,24,0.8049977393277272,0.814401533910664,0.09502538937942241,0.10371584780256417
0.4,7,336,96,0.9259330844743328,0.9436208422664183,0.09670241027308757,0.10586675544627366
0.4,7,336,336,0.9861259789352009,1.0138063972384475,0.09669957052616973,0.10876621919078415
0.4,8,96,24,0.8261927001110347,0.8238417459628059,0.10732498506600206,0.11721679313283745
0.4,8,96,96,0.9839984913313291,0.9691166559129029,0.1077970117963177,0.11772214066184998
0.4,8,96,336,1.010801282746263,1.005686027095962,0.10920842125716525,0.12262809556570281
0.4,8,336,24,0.7609625720479801,0.7586094074244658,0.10638451077855471,0.11513339502476591
0.4,8,336,96,0.8870447204195651,0.8816529551761727,0.10753399798302406,0.11685620900043497
0.4,8,336,336,0.8970730951966719,0.8947296741349928,0.10843627807593141,0.12115103992383594
0.4,9,96,24,0.7698212558789228,0.7709503767126922,0.10742572136085349,0.1356359008447175
0.4,9,96,96,0.9254834953979972,0.9362022674081074,0.10821087791723188,0.15730665191703821
0.4,9,96,336,1.0173278143380016,1.05361905432438,0.10807979394817387,0.22553677798877264
0.4,9,336,24,0.7563878503585488,0.7499522879738201,0.10652842709386581,0.13434438754185138
0.4,9,336,96,0.8975615383049286,0.8933937766556848,0.10750933097578493,0.15650300312912313
0.4,9,336,336,1.0035530877101584,1.0081061761351502,0.10731841051233267,0.22856326050617645
0.5,0,336,24,0.690470991914122,0.6957869002393543,0.0827456292007683,0.09186716645426563
0.5,0,336,96,0.7766232556606485,0.7864083628535392,0.08353046146111556,0.09390489749873178
0.5,0,336,336,0.7927516681080761,0.8069221240737534,0.08348387790139525,0.10038564930906081
0.5,1,96,24,0.9404779808268849,0.9494318786509153,0.1051360397022655,0.11745083747839899
0.5,1,96,96,1.1299367392135582,1.1515319333896121,0.10555349940611079,0.12367065344304015
0.5,1,96,336,1.172535824013902,1.170496457036392,0.10511795932897815,0.1349874202059595
0.5,1,336,24,0.9337388115296631,0.9129038323458759,0.10276424627314296,0.11346918084837669
0.5,1,336,96,1.097538497686528,1.0414801832741458,0.103807939756877,0.11911420243847928
0.5,1,336,336,1.148901034452829,1.0796498000463364,0.10452935653111255,0.13130476636558694
0.5,2,96,24,0.7435076018480047,0.777141648031304,0.09469766309658968,0.10504533985919323
0.5,2,96,96,0.8468411998447901,0.8979730340675667,0.09609959675478219,0.10889633817094423
0.5,2,96,336,0.8613047599152612,0.9178807402134409,0.09647356305904337,0.12074016205054976
0.5,2,336,24,0.722243610776011,0.7281010241673542,0.09485400378039667,0.10509496784096588
0.5,2,336,96,0.8005752323290302,0.8116633603181771,0.09598474148866235,0.10920575956092987
0.5,2,336,336,0.8359825736510206,0.859358984882614,0.0956753342485062,0.12046450523210941
0.5,3,96,24,0.6891691283604027,0.7264104781755806,0.08312595646671604,0.09436199507205906
0.5,3,96,96,0.7919551595602096,0.8628009639861964,0.08514667689785048,0.09980519634996414
0.5,3,96,336,0.8173181115691834,0.9044745631655322,0.08427188006494583,0.1096468729661658
0.5,3,336,24,0.7004279642798179,0.7113891833100335,0.08285017749630368,0.09410571247334641
0.5,3,336,96,0.8021982384143961,0.8213031799874637,0.08346278086225206,0.09844310804491822
0.5,3,336,336,0.8125918781670541,0.8304691048651294,0.08299408567191432,0.10944072399222068
0.5,4,96,24,0.8292659922298199,0.8175600255228661,0.10138823909653168,0.1108692153884955
0.5,4,96,96,1.0279360700521964,1.0374476084245021,0.10143731934068322,0.11190850174839306
0.5,4,96,336,1.0991374807610155,1.053018102071961,0.10096530594542971,0.11362456165307065
0.5,4,336,24,0.7860305028644828,0.7680947352063622,0.10009842340952586,0.10739243813692764
0.5,4,336,96,0.9323131139488795,0.9083250964344278,0.09987586895036013,0.10842115235031573
0.5,4,336,336,0.9724342339782192,0.9440206744587701,0.09992584001464809,0.11217937447677162
0.5,5,96,24,1.2423050894294043,0.9663717010848877,0.10604667950841236,0.13188075032482138
0.5,5,96,96,1.5829418263529311,1.0885261735211604,0.10685797393358588,0.13689406407999125
0.5,5,96,336,1.639555683017064,1.1093429579413645,0.10633754819872934,0.16202299009787877
0.5,5,336,24,1.129787854733726,0.9031623335917349,0.10483871296841771,0.11721961147741763
0.5,5,336,96,1.3747940195799968,1.0026046998475062,0.10572254243058143,0.12283220930287753
0.5,5,336,336,1.4417980752614614,1.0199174950829653,0.10551230252577964,0.15453159071830183
0.5,6,96,24,0.9314739285043957,0.861598704041888,0.10386085723497647,0.11409145126353176
0.5,6,96,96,1.171835448097566,1.041986243103156,0.1061945625218908,0.11803632845295178
0.5,6,96,336,1.1688169088310685,1.072077082587438,0.1055775551943394,0.11966737891471815
0.5,6,336,24,0.852558443051671,0.814655885531745,0.10281801784684845,0.11156094937660173
0.5,6,336,96,1.0080485288524303,0.9342117640042982,0.10415155695122462,0.11412808942590079
0.5,6,336,336,1.0107937837978551,0.9361768809707496,0.10309353372006963,0.11512485183405849
0.5,7,96,24,1.1956252067131539,0.9995593721739021,0.10110034982439861,0.12213524727261163
0.5,7,96,96,1.5350462738862616,1.2064257159277534,0.1011589091359102,0.13455764222370192
0.5,7,96,336,1.6345654919920294,1.2951138652503276,0.10179182837125188,0.19255919497619225
0.5,7,336,24,1.0660005567040967,0.9481429259626809,0.09871225126364445,0.11857036863639357
0.5,7,336,96,1.3061133761373664,1.1337790572465587,0.09971581172760534,0.13193701949656975
0.5,7,336,336,1.4376373776227314,1.2326425000777375,0.10073017325429323,0.19477947725486874
0.5,8,96,24,0.6890678450066021,0.715364297929137,0.08588022692942607,0.09260412329683479
0.5,8,96,96,0.8181620936026616,0.867300484432517,0.0868356122928509,0.09585674869446673
0.5,8,96,336,0.8622197543036709,0.9050584777137767,0.0885494517735515,0.11244743281388891
0.5,8,336,24,0.7035272756529262,0.7043835996657746,0.08624733093876324,0.09390236515364499
0.5,8,336,96,0.8077190077096752,0.8078314129443279,0.08730221947015189,0.09738706013382523
0.5,8,336,336,0.8350355615030157,0.8270225976934045,0.08908917227413425,0.11087299960909099
0.5,9,96,24,0.7703875336290529,0.8100119221194797,0.0865358826165519,0.09572184210459345
0.5,9,96,96,0.8568331280238608,0.9174302304939724,0.08776506560359543,0.09883820148465469
0.5,9,96,336,0.9133570106738663,1.008480124514072,0.08767730699520963,0.10862249064860682
0.5,9,336,24,0.7670903563114757,0.7770078494845515,0.08547881521834004,0.09464320233190164
0.5,9,336,96,0.8747286786751501,0.8930958532851185,0.08672659442115443,0.09798489693936968
0.5,9,336,336,0.9378667162170921,0.964696306722801,0.08718403823932037,0.10890444133669062
0.6,0,96,24,0.8502930739601504,0.8806370878070865,0.0785143355283932,0.08734890013654678
0.6,0,96,96,0.9756544919318537,1.0158357832490628,0.0787081500849945,0.08816765440687489
0.6,0,96,336,1.0428026714076095,1.1163880324328646,0.07796231090789199,0.0902490333552216
0.6,0,336,24,0.8568490130187875,0.8707740223885047,0.07711348772999344,0.08552878374776382
0.6,0,336,96,0.9929051013015441,1.0152738912308417,0.07726571308252057,0.08657967757680095
0.6,0,336,336,1.0430208332636999,1.0645506964993106,0.07684374823058882,0.089053932653719
0.6,1,96,24,0.8259685342798556,0.8620004603596726,0.08769050784603634,0.10062209162732483
0.6,1,96,96,0.9444964500443339,1.0001966443100525,0.08845972470125557,0.1095047013272311
0.6,1,96,336,0.9890121441542278,1.07903454251102,0.08895454997788005,0.13720523726117156
0.6,1,336,24,0.8137996627303093,0.8202833185150156,0.08679832081517165,0.0993878944981539
0.6,1,336,96,0.9376656422553291,0.950196591663891,0.08764089061331264,0.10855876287616477
0.6,1,336,336,1.0090039744051245,1.0432945814776782,0.08838026373358096,0.13679067712486617
0.6,2,96,24,0.8305078627749031,0.9161443900796998,0.08763695638984897,0.09435633987335694
0.6,2,96,96,0.9727240394633576,1.1024384783593306,0.08762856944446715,0.09482829369119253
0.6,2,96,336,0.9999658115762492,1.1424250835530405,0.0869755810960683,0.09732529831899213
0.6,2,336,24,0.8321975704490052,0.8510108181956716,0.08591599987137813,0.0920627773811661
0.6,2,336,96,0.9761981484162924,1.0064785913895589,0.08674358543832185,0.09373169395768166
0.6,2,336,336,0.9966691525893829,1.0250394144868387,0.08664822661430878,0.09656910439101028
0.6,3,96,24,0.9742433412821574,0.9864873664399453,0.0926946627086623,0.10550667037667052
0.6,3,96,96,1.1602203729933698,1.2029577506687281,0.09467287389268061,0.11743168153913182
0.6,3,96,336,1.2398741495871817,1.2358581121427406,0.09401902453163502,0.14902213162957056
0.6,3,336,24,0.9387589576173613,0.9285405057164984,0.09155447294909994,0.10392271594193236
0.6,3,336,96,1.1228140729114084,1.0972516247212725,0.0930679628375596,0.11557364324434194
0.6,3,336,336,1.2521944406819456,1.1347657703825942,0.0924334438129862,0.14718969041377689
0.6,4,96,24,0.9619399457663236,0.983554561341606,0.08109229432832678,0.09086570097740435
0.6,4,96,96,1.1434026294330242,1.1678191832255855,0.08269541514262302,0.09557438091574236
0.6,4,96,336,1.1587089231058698,1.1305245857293926,0.0824280288952533,0.10430390489629708
0.6,4,336,24,0.9157918102478255,0.9049075920722277,0.08012551110986607,0.0896902718964573
0.6,4,336,96,1.061204497130554,1.0434812229441108,0.08110637258108384,0.09357394299726596
0.6,4,336,336,1.0823714962144069,1.0443614772188639,0.08171057372723542,0.10235255790072145
0.6,5,96,24,0.7394252391682341,0.7859441286816462,0.07722816564694292,0.08917767120570962
0.6,5,96,96,0.8569196278323085,0.9461270012003731,0.07887562157726474,0.09326178145993824
0.6,5,96,336,0.8636388734559021,0.9579430241937468,0.07885000750268335,0.09850742731291767
0.6,5,336,24,0.7341572924170633,0.7420093154194131,0.07656816381246073,0.0878086623525196
0.6,5,336,96,0.8288037702567714,0.845949288116948,0.0776221318269124,0.09173866801380734
0.6,5,336,336,0.8351420354959999,0.8555605099593663,0.07803674759669134,0.09762681521283291
0.6,6,96,24,1.031748011502476,0.9368782485172493,0.08139525989282176,0.0968602029974015
0.6,6,96,96,1.1848464094594722,1.0770106253241873,0.08108567045401965,0.10009248683369608
0.6,6,96,336,1.2578373506321796,1.202705521008851,0.08135181155473774,0.10840326164730679
0.6,6,336,24,0.9584919892735655,0.9153704555303935,0.08034074501692297,0.08925003400079555
0.6,6,336,96,1.1168248142421073,1.0535805262184006,0.0805985425171895,0.09131559585298099
0.6,6,336,336,1.2199606052817058,1.1160382582206119,0.08114734185118554,0.09970486701246636
0.6,7,96,24,0.9346190205771954,0.9038567146136832,0.08014038653613308,0.08795055855703733
0.6,7,96,96,1.1130910732536445,0.9970943095670122,0.08116219735042535,0.09259506556837757
0.6,7,96,336,1.1343094727406842,0.9984410742218376,0.08061186202995042,0.11335597572577565
0.6,7,336,24,0.8902702839373104,0.8384772666879643,0.07891839867045611,0.08616618655570935
0.6,7,336,96,1.0458414630918489,0.9498652070084694,0.07991915173798414,0.09127674369140783
0.6,7,336,336,1.1029559368280006,0.9712768343691665,0.07988451299740143,0.11816440392402952
0.6,8,96,24,0.7589371362951619,0.7965368244865095,0.08846285049331325,0.09841041127280105
0.6,8,96,96,0.8475863905407158,0.9133223673462398,0.09010649497674356,0.10563832280775905
0.6,8,96,336,0.8526456686514795,0.9588474971024386,0.0895006663336629,0.11502177908531849
0.6,8,336,24,0.7709547982573192,0.7845193489574299,0.08836220333841673,0.09852594819938783
0.6,8,336,96,0.8590915780756463,0.8836849337335511,0.08972270658931782,0.10560548017949474
0.6,8,336,336,0.8635777788538224,0.9150544718671915,0.0894195057210489,0.11630416238839235
0.6,9,96,24,0.8498678034346644,0.8365685203900185,0.07256086496821752,0.07882730676344887
0.6,9,96,96,1.0157346267232925,0.9982927714346032,0.07362966962441315,0.08168875051359432
0.6,9,96,336,1.0715561156682634,1.0431423968527018,0.07327668513132204,0.08358396324968988
0.6,9,336,24,0.8009304263801815,0.792982249591416,0.07244035184352378,0.07780925437578516
0.6,9,336,96,0.9317392459303582,0.9164445334717591,0.07290254880689748,0.07967545802357645
0.6,9,336,336,0.9731895857751891,0.9659695401900468,0.07222118156502778,0.08107453842880746
0.7,0,96,24,0.7466754780369509,0.7923343287944008,0.0737466831469541,0.08168513705721367
0.7,0,96,96,0.8505660357430799,0.9267611912594179,0.07476706425500589,0.08421875330779631
0.7,0,96,336,0.875758262147004,0.9565931061511639,0.0754090544473232,0.08734909151480859
0.7,0,336,24,0.7367702650556256,0.7470541977589237,0.07358122099994602,0.08092613039298666
0.7,0,336,96,0.8386428776756858,0.8553333900313733,0.07424054634082264,0.083147945864121
0.7,0,336,336,0.8613815674886671,0.8764500357471198,0.07394386290719059,0.08536475990654725
0.7,1,96,24,0.9160879031890423,0.9424303478459113,0.0692835188261671,0.08002318916222458
0.7,1,96,96,1.0902030513633345,1.1128694629840874,0.06950354655793162,0.08313715598511802
0.7,1,96,336,1.173367603471245,1.1770075977023517,0.06944464572825887,0.09020549886739983
0.7,1,336,24,0.8938148367843595,0.8833990700849672,0.06740957984161798,0.07777979502326245
0.7,1,336,96,1.0609185911831063,1.0474543479753584,0.06818649854396308,0.08150412775493313
